"title","totalScore","reviewsCount","street","city","state","countryCode","website","phone","categories/0","categories/1","categories/2","categories/3","url","categoryName"
"Nhà Hàng Thanh Xuân","4.3","42","2GJ8+V7W, Qua Cầu Hòa Lạc (Đi Xuân Mai, QL21A","Hà Nội","Hòa Lạc, Hà Nội","VN",,"+84 945 931 186","Nhà hàng",,,,"https://www.google.com/maps/search/?api=1&query=Nh%C3%A0%20H%C3%A0ng%20Thanh%20Xu%C3%A2n&query_place_id=ChIJQ6oEpPJbNDERFio1HWcOy68","Nhà hàng"
"Nhà Hàng Vịt Tiến Hưng","4.8","6","Gần, Asean Resort","Hà Nội","Hòa Lạc, Hà Nội","VN",,"+84 976 265 742","Nhà hàng",,,,"https://www.google.com/maps/search/?api=1&query=Nh%C3%A0%20H%C3%A0ng%20V%E1%BB%8Bt%20Ti%E1%BA%BFn%20H%C6%B0ng&query_place_id=ChIJ81lYWABbNDERtlgh_-eNwWg","Nhà hàng"
"Nhà Hàng Gà Hà Đạo","4.2","99","Đồng Trạng","Hà Nội","Hòa Lạc, Hà Nội","VN",,"+84 329 909 391","Nhà hàng thịt gà",,,,"https://www.google.com/maps/search/?api=1&query=Nh%C3%A0%20H%C3%A0ng%20G%C3%A0%20H%C3%A0%20%C4%90%E1%BA%A1o&query_place_id=ChIJbXvJ3_hbNDERkTfN17KHvAs","Nhà hàng thịt gà"
"Nhà Hàng Thập Phương","4.5","15","Số 150 Đồng Trạng","Hà Nội","Đoài Phương, Hà Nội","VN",,"+84 984 945 519","Nhà hàng",,,,"https://www.google.com/maps/search/?api=1&query=Nha%CC%80%20Ha%CC%80ng%20Th%C3%A2%CC%A3p%20Ph%C6%B0%C6%A1ng&query_place_id=ChIJaU5Mr2tZNDEROzOQJlTebQM","Nhà hàng"
"Nhà Hàng An Phát","4.7","3","567 QL21A","Hà Nội","Đoài Phương, Hà Nội","VN",,"+84 523 518 888","Nhà hàng món nướng",,,,"https://www.google.com/maps/search/?api=1&query=Nh%C3%A0%20H%C3%A0ng%20An%20Ph%C3%A1t&query_place_id=ChIJ81ZOOgBZNDERwnCyuZpb9GI","Nhà hàng món nướng"
"Nhà Hàng Trường Sa ( Phở Lý Quốc Sư, Cơm Xe Tải, Lẩu các loại )","4.7","3","Thôn Đoàn Kết","Hà Nội","Hòa Lạc, Hà Nội","VN",,"","Nhà hàng món lẩu",,,,"https://www.google.com/maps/search/?api=1&query=Nh%C3%A0%20H%C3%A0ng%20Tr%C6%B0%E1%BB%9Dng%20Sa%20(%20Ph%E1%BB%9F%20L%C3%BD%20Qu%E1%BB%91c%20S%C6%B0%2C%20C%C6%A1m%20Xe%20T%E1%BA%A3i%2C%20L%E1%BA%A9u%20c%C3%A1c%20lo%E1%BA%A1i%20)&query_place_id=ChIJP-DqBQBZNDERM1fQ6STkVrk","Nhà hàng món lẩu"
"Bún Cá Đạo Thủy","4.4","62","2GR5+WVW, QL21A","Hà Nội","Hòa Lạc, Hà Nội","VN",,"+84 985 294 656","Nhà hàng chuyên phục vụ bữa sáng",,,,"https://www.google.com/maps/search/?api=1&query=B%C3%BAn%20C%C3%A1%20%C4%90%E1%BA%A1o%20Th%E1%BB%A7y&query_place_id=ChIJT0qrpKtZNDEREZ-rlqiI1gY","Nhà hàng chuyên phục vụ bữa sáng"
"Miền Trung Quán","4.2","14",,"Hà Nội","Hạ Bằng, Hà Nội","VN",,"+84 989 496 007","Nhà hàng",,,,"https://www.google.com/maps/search/?api=1&query=Mi%E1%BB%81n%20Trung%20Qu%C3%A1n&query_place_id=ChIJuZcicn5bNDERLuMXKjKBaRQ","Nhà hàng"
"Canh Cá rô Dung Thuận","4.6","47","2GR6+5H","Hà Nội","Đoài Phương, Hà Nội","VN",,"+84 985 229 876","Quán mì",,,,"https://www.google.com/maps/search/?api=1&query=Canh%20C%C3%A1%20r%C3%B4%20Dung%20Thu%E1%BA%ADn&query_place_id=ChIJOQy8BINZNDERRlspIBuMkPU","Quán mì"
"Cồ thủy","5","1","405 QL21A","Hà Nội","Đoài Phương, Hà Nội","VN",,"+84 982 101 577","Nhà hàng",,,,"https://www.google.com/maps/search/?api=1&query=C%E1%BB%93%20th%E1%BB%A7y&query_place_id=ChIJcbTjHgBZNDERVO-wJZ_X0tU","Nhà hàng"
"Hồ Sen Quán","4.3","8","Linh sơn","Hà Nội","Hạ Bằng, Hà Nội","VN",,"+84 966 430 969","Nhà hàng","Quán bia",,,"https://www.google.com/maps/search/?api=1&query=H%E1%BB%93%20Sen%20Qu%C3%A1n&query_place_id=ChIJPUzi-zxZNDERgd62xgIed_c","Nhà hàng"
"Cháo Dinh Dưỡng PAPA DASHI","5","2","số 86 đường Lục Quân","Hà Nội","Đoài Phương, Hà Nội","VN",,"+84 949 967 093","Nhà hàng gia đình",,,,"https://www.google.com/maps/search/?api=1&query=Ch%C3%A1o%20Dinh%20D%C6%B0%E1%BB%A1ng%20PAPA%20DASHI&query_place_id=ChIJwSP6GgBZNDEROkcnvMloaQc","Nhà hàng gia đình"
"Phở Nam Nhất","3.8","480","QL21","Hà Nội","Hòa Lạc, Hà Nội","VN","http://phonamnhat.com/","+84 385 748 668","Nhà hàng phở",,,,"https://www.google.com/maps/search/?api=1&query=Ph%E1%BB%9F%20Nam%20Nh%E1%BA%A5t&query_place_id=ChIJEWVJeuRbNDERZ67UxCpedgI","Nhà hàng phở"
"ChickSpot 22","4.9","154","67 QL21","Hà Nội","Hòa Lạc, Hà Nội","VN","https://order.chickspot22.com/","+84 362 698 586","Nhà hàng Việt Nam",,,,"https://www.google.com/maps/search/?api=1&query=ChickSpot%2022&query_place_id=ChIJq8yDd5NbNDERh26BP8ERiOs","Nhà hàng Việt Nam"
"Sun Food - Ăn vặt 24h","5","26","2GFC+8H7","Hà Nội","Hòa Lạc, Hà Nội","VN",,"","Nhà hàng",,,,"https://www.google.com/maps/search/?api=1&query=Sun%20Food%20-%20%C4%82n%20v%E1%BA%B7t%2024h&query_place_id=ChIJa0CLQgBbNDERglPO9MrQl9o","Nhà hàng"
"Gà Rán","5","2","297B QL21A","Hà Nội","Đoài Phương, Hà Nội","VN",,"+84 966 216 890","Quán gà rán mang đi",,,,"https://www.google.com/maps/search/?api=1&query=G%C3%A0%20R%C3%A1n&query_place_id=ChIJkSl7LoVZNDERB_FJ1o7dyLY","Quán gà rán mang đi"
"Bún riêu cô Hằng",,,"521 QL21A","Hà Nội","Hòa Lạc, Hà Nội","VN",,"","Quán ăn nhỏ",,,,"https://www.google.com/maps/search/?api=1&query=B%C3%BAn%20ri%C3%AAu%20c%C3%B4%20H%E1%BA%B1ng&query_place_id=ChIJKyTlewBZNDERpQP_wDAQq9A","Quán ăn nhỏ"
"HaBi Streets Cuisine","4.9","19","Số 84 thôn 3","Hà Nội","Hòa Lạc, Hà Nội","VN","https://www.facebook.com/HaBiStreetsCuisine?mibextid=LQQJ4d","+84 335 714 986","Nhà hàng","Nhà hàng châu Á",,,"https://www.google.com/maps/search/?api=1&query=HaBi%20Streets%20Cuisine&query_place_id=ChIJMe_URABbNDERASAIIIGoV34","Nhà hàng"
"Hiền Lương Quán","4.9","7","Km 10 đoàn kết","Hà Nội","Đoài Phương, Hà Nội","VN",,"","Nhà hàng",,,,"https://www.google.com/maps/search/?api=1&query=Hi%E1%BB%81n%20L%C6%B0%C6%A1ng%20Qu%C3%A1n&query_place_id=ChIJ8STw2BZZNDERt9KY7tAQpQE","Nhà hàng"
"Hà gia trang","5","2","Ngõ 54 đường Cổ Đông 2 thôn Phúc Lộc","Hà Nội","Hòa Lạc, Hà Nội","VN",,"+84 967 091 039","Quán trà san sảnh",,,,"https://www.google.com/maps/search/?api=1&query=H%C3%A0%20gia%20trang&query_place_id=ChIJ9z3yB7BZNDERDtUPxnJMUX0","Quán trà san sảnh"
"Jolie Cafe","4.7","44","Số 431 thôn đoàn kết","Hà Nội","Đoài Phương, Hà Nội","VN",,"+84 987 581 694","Quán cà phê",,,,"https://www.google.com/maps/search/?api=1&query=Jolie%20Cafe&query_place_id=ChIJaV3SX1JZNDERyqbYgr4DJ64","Quán cà phê"
"Cafe Anh Hìu","4.5","60",,"Hà Nội","Hòa Lạc, Hà Nội","VN",,"+84 983 304 684","Quán cà phê",,,,"https://www.google.com/maps/search/?api=1&query=Cafe%20Anh%20H%C3%ACu&query_place_id=ChIJ2_mo_IZZNDERv0u3edGz0n8","Quán cà phê"
"Tú Bọ coffee - Vietlot - Xổ số","5","1","2GW4+HJR, QL21A","Hà Nội","Hòa Lạc, Hà Nội","VN",,"","Quán cà phê",,,,"https://www.google.com/maps/search/?api=1&query=T%C3%BA%20B%E1%BB%8D%20coffee%20-%20Vietlot%20-%20X%E1%BB%95%20s%E1%BB%91&query_place_id=ChIJdVS2PwBZNDERbaiNQ595Fkk","Quán cà phê"
"Bún đậu mẹt 1950 Lục quân","5","2","429 QL21A","Hà Nội","Đoài Phương, Hà Nội","VN",,"+84 369 070 511","Nhà hàng",,,,"https://www.google.com/maps/search/?api=1&query=B%C3%BAn%20%C4%91%E1%BA%ADu%20m%E1%BA%B9t%201950%20L%E1%BB%A5c%20qu%C3%A2n&query_place_id=ChIJkX_o43pZNDERB0Y_qRxMPnc","Nhà hàng"
"Cà phê Vương","5","1","Ngã Tư Lục Quân","Hà Nội","Đoài Phương, Hà Nội","VN",,"+84 346 497 373","Quán cà phê",,,,"https://www.google.com/maps/search/?api=1&query=C%C3%A0%20ph%C3%AA%20V%C6%B0%C6%A1ng&query_place_id=ChIJaRla5ehfNDERjvrMZ4zOYo4","Quán cà phê"
"Nhà hàng 5 "" xao""","5","3","2GQ8+458","Hà Nội","Đoài Phương, Hà Nội","VN",,"","Nhà hàng châu Á",,,,"https://www.google.com/maps/search/?api=1&query=Nh%C3%A0%20h%C3%A0ng%205%20%22%20xao%22&query_place_id=ChIJA_s0CABbNDERD3JEH5_t6So","Nhà hàng châu Á"
"A Hiếu Tea & Coffee","5","1","792 Thôn 6","Hà Nội","Hòa Lạc, Hà Nội","VN",,"+84 974 505 992","Quán cà phê",,,,"https://www.google.com/maps/search/?api=1&query=A%20Hi%E1%BA%BFu%20Tea%20%26%20Coffee&query_place_id=ChIJiT-zSABfNDERVooNsWw4qI0","Quán cà phê"
"Moose Plus Cafe","5","3","Số nhà 693, khu 73,thôn đoàn kết","Hà Nội","Đoài Phương, Hà Nội","VN",,"+84 915 305 538","Quán cà phê",,,,"https://www.google.com/maps/search/?api=1&query=Moose%20Plus%20Cafe&query_place_id=ChIJWSEnPudbNDERQETUkt0NiAs","Quán cà phê"
"Cafe Tùng","5","2","2GW4+6HV","Hà Nội","Hòa Lạc, Hà Nội","VN",,"","Quán cà phê",,,,"https://www.google.com/maps/search/?api=1&query=Cafe%20T%C3%B9ng&query_place_id=ChIJv7cyfABZNDER1dvZRr_Wk7Q","Quán cà phê"
"Cà Phê Hương Thảo","5","2","2GW4+6HV","Hà Nội","Hòa Lạc, Hà Nội","VN",,"+84 987 305 757","Quán cà phê",,,,"https://www.google.com/maps/search/?api=1&query=C%C3%A0%20Ph%C3%AA%20H%C6%B0%C6%A1ng%20Th%E1%BA%A3o&query_place_id=ChIJgVw-t_FZNDERgh51K9qvvKo","Quán cà phê"
"Cafe trà sữa Hồng Nhung","4.5","6","2GW3+FWR Ngã Tư Lục Quân","Hà Nội","Hòa Lạc, Hà Nội","VN",,"+84 387 132 974","Quán cà phê",,,,"https://www.google.com/maps/search/?api=1&query=Cafe%20tr%C3%A0%20s%E1%BB%AFa%20H%E1%BB%93ng%20Nhung&query_place_id=ChIJn4MOuuxZNDERCr4fBPqNNWM","Quán cà phê"
"Cafe Nghệ Sỹ","5","2",,"Hà Nội","Đoài Phương, Hà Nội","VN",,"+84 338 335 816","Quán cà phê",,,,"https://www.google.com/maps/search/?api=1&query=Cafe%20Ngh%E1%BB%87%20S%E1%BB%B9&query_place_id=ChIJy9pPTlFZNDERvN_zkqqt_W0","Quán cà phê"
"Thịt Chó-Thịt Mèo Gia Hưng",,,"Thôn Đoàn Kết","Hà Nội","Hòa Lạc, Hà Nội","VN",,"+84 357 681 998","Nhà hàng",,,,"https://www.google.com/maps/search/?api=1&query=Th%E1%BB%8Bt%20Ch%C3%B3-Th%E1%BB%8Bt%20M%C3%A8o%20Gia%20H%C6%B0ng&query_place_id=ChIJTSEMVQBZNDERZWIF_s6VD2g","Nhà hàng"
"Nhà Hàng Thế giới Bò","3","8","Asean Resort/21a Chợ Hòa Lạc","Hà Nội","Thạch Thất, Hà Nội","VN",,"","Nhà hàng",,,,"https://www.google.com/maps/search/?api=1&query=Nh%C3%A0%20H%C3%A0ng%20Th%E1%BA%BF%20gi%E1%BB%9Bi%20B%C3%B2&query_place_id=ChIJU2Wr7BxbNDERZzWtsmCfemE","Nhà hàng"
"Hoa Lư Quán","3","4","2GR6+R3X, QL21A","Hà Nội","Đoài Phương, Hà Nội","VN",,"","Nhà hàng",,,,"https://www.google.com/maps/search/?api=1&query=Hoa%20L%C6%B0%20Qu%C3%A1n&query_place_id=ChIJZcy30fRZNDERX8ICmjDWgAc","Nhà hàng"
"1995 Coffee & Tea","4.4","5","2GJ8+JJQ, QL21A","Hà Nội","Hạ Bằng, Hà Nội","VN",,"+84 968 681 602","Quán cà phê",,,,"https://www.google.com/maps/search/?api=1&query=1995%20Coffee%20%26%20Tea&query_place_id=ChIJUcPJHe9bNDER6xeE5zS5aIA","Quán cà phê"
"Nhất Thuỷ Quán","3.7","21","2GV5+7Q4","Hà Nội","Đoài Phương, Hà Nội","VN",,"+84 982 760 976","Quán ăn nhỏ",,,,"https://www.google.com/maps/search/?api=1&query=Nh%E1%BA%A5t%20Thu%E1%BB%B7%20Qu%C3%A1n&query_place_id=ChIJb2cIKdlZNDERWiJjmK6D604","Quán ăn nhỏ"
"Quán Lẩu Đuôi Bò Hiếu Bùi","3.3","3","2GJ8+PJ2","Hà Nội","Hạ Bằng, Hà Nội","VN",,"+84 936 861 668","Nhà hàng",,,,"https://www.google.com/maps/search/?api=1&query=Qu%C3%A1n%20L%E1%BA%A9u%20%C4%90u%C3%B4i%20B%C3%B2%20Hi%E1%BA%BFu%20B%C3%B9i&query_place_id=ChIJbwGH7RBbNDERtN8Z5ZVTga4","Nhà hàng"
"Nhà hàng vịt nướng Phú Gia",,,"887 QL21A","Hà Nội","Đoài Phương, Hà Nội","VN",,"+84 973 131 112","Nhà hàng",,,,"https://www.google.com/maps/search/?api=1&query=Nh%C3%A0%20h%C3%A0ng%20v%E1%BB%8Bt%20n%C6%B0%E1%BB%9Bng%20Ph%C3%BA%20Gia&query_place_id=ChIJG11Na8lZNDER5eS7_T0ki3k","Nhà hàng"
"Phở Vũ Trâu Tươi Cơm Rang Bún Bò Huế",,,"409 QL21A","Hà Nội","Đoài Phương, Hà Nội","VN",,"+84 865 225 336","Cửa hàng ăn nhanh",,,,"https://www.google.com/maps/search/?api=1&query=Ph%E1%BB%9F%20V%C5%A9%20Tr%C3%A2u%20T%C6%B0%C6%A1i%20C%C6%A1m%20Rang%20B%C3%BAn%20B%C3%B2%20Hu%E1%BA%BF&query_place_id=ChIJmS57KABZNDERJm5ava5fDBY","Cửa hàng ăn nhanh"
"Nhà Hàng Thùy Dung",,,,"Hà Nội","Đoài Phương, Hà Nội","VN",,"","Nhà hàng",,,,"https://www.google.com/maps/search/?api=1&query=Nh%C3%A0%20H%C3%A0ng%20Th%C3%B9y%20Dung&query_place_id=ChIJ6cAhylZZNDERky2tFMODo1w","Nhà hàng"
"Abc co domg",,,"2GW4+6HV","Hà Nội","Hòa Lạc, Hà Nội","VN",,"","Cửa hàng kem",,,,"https://www.google.com/maps/search/?api=1&query=Abc%20co%20domg&query_place_id=ChIJTXvpMwBZNDERB5k2udGRtuU","Cửa hàng kem"
"PHỞ BÒ CƠM RANG VŨ THẢO",,,"QL21/thôn Đoàn Kết","Hà Nội","Hòa Lạc, Hà Nội","VN",,"+84 977 403 296","Khu ăn uống",,,,"https://www.google.com/maps/search/?api=1&query=PH%E1%BB%9E%20B%C3%92%20C%C6%A0M%20RANG%20V%C5%A8%20TH%E1%BA%A2O&query_place_id=ChIJzbcc26JZNDERrF9EkOaoHeE","Khu ăn uống"
"Quán bia Trường Mai",,,"Thôn Đoàn Kết","Hà Nội","Hòa Lạc, Hà Nội","VN",,"","Khu ăn uống",,,,"https://www.google.com/maps/search/?api=1&query=Qu%C3%A1n%20bia%20Tr%C6%B0%E1%BB%9Dng%20Mai&query_place_id=ChIJ6cQHeQBZNDERisbvX75IR4A","Khu ăn uống"
"Ăn Đêm Mai Dũng","5","10","457 QL21A","Hà Nội","Đoài Phương, Hà Nội","VN",,"+84 367 869 795","Nhà hàng ăn nhanh",,,,"https://www.google.com/maps/search/?api=1&query=%C4%82n%20%C4%90%C3%AAm%20Mai%20D%C5%A9ng&query_place_id=ChIJ9SpkDgBZNDERQb-eKJ_lmCw","Nhà hàng ăn nhanh"
"Vạn Thanh Cafe","5","7","2GP4+5C","Hà Nội","Hòa Lạc, Hà Nội","VN",,"+84 906 570 183","Quán cà phê",,,,"https://www.google.com/maps/search/?api=1&query=V%E1%BA%A1n%20Thanh%20Cafe&query_place_id=ChIJdcXxHq1bNDERcom-d4vb4To","Quán cà phê"
"Bay Cafe & Restaurant Dê Núi- Cơm Niêu","4.8","167","QL21","Hà Nội","Yên Xuân, Hà Nội","VN",,"+84 866 889 199","Quán cà phê","Nhà hàng",,,"https://www.google.com/maps/search/?api=1&query=Bay%20Cafe%20%26%20Restaurant%20D%C3%AA%20N%C3%BAi-%20C%C6%A1m%20Ni%C3%AAu&query_place_id=ChIJrYN5DQBbNDERsY8cb9cKSJs","Quán cà phê"
"Cafe Xưa","4.2","147","Đồng Chằm","Hà Nội","Quốc Oai, Hà Nội","VN",,"+84 912 308 968","Quán cà phê",,,,"https://www.google.com/maps/search/?api=1&query=Cafe%20X%C6%B0a&query_place_id=ChIJleqIeHdbNDERt0kgA7Rr4-4","Quán cà phê"
"Xóm Thái, cs Hòa Lạc - Ẩm Thực Thái","4.6","23","Số 48 Thôn 3, xã","Hà Nội","Hòa Lạc, Hà Nội","VN",,"+84 971 004 296","Nhà hàng Thái Lan",,,,"https://www.google.com/maps/search/?api=1&query=X%C3%B3m%20Th%C3%A1i%2C%20cs%20H%C3%B2a%20L%E1%BA%A1c%20-%20%E1%BA%A8m%20Th%E1%BB%B1c%20Th%C3%A1i&query_place_id=ChIJUxRpx6NbNDERaJB1C9yMp70","Nhà hàng Thái Lan"
"Nhà Hàng Hải Sản Hải Phương","3.4","12","2GX3+FWG","Hà Nội","Đoài Phương, Hà Nội","VN",,"+84 989 148 686","Nhà hàng hải sản",,,,"https://www.google.com/maps/search/?api=1&query=Nh%C3%A0%20H%C3%A0ng%20H%E1%BA%A3i%20S%E1%BA%A3n%20H%E1%BA%A3i%20Ph%C6%B0%C6%A1ng&query_place_id=ChIJTy2d5CpZNDERZFPGKVADs0I","Nhà hàng hải sản"
"Nhà Hàng Huyền Trang","4.7","6","3G32+2V5 Đối Diện Tập Đoàn Y Dược Bảo Long, QL21A","Hà Nội","Đoài Phương, Hà Nội","VN",,"+84 972 275 184","Nhà hàng món lẩu",,,,"https://www.google.com/maps/search/?api=1&query=Nh%C3%A0%20H%C3%A0ng%20Huy%E1%BB%81n%20Trang&query_place_id=ChIJWxmOOT5ZNDERhXTRAqZjFXM","Nhà hàng món lẩu"
"Phở Tuấn Thành",,,"2GW4+W89, QL21A","Hà Nội","Hòa Lạc, Hà Nội","VN",,"","Nhà hàng châu Á",,,,"https://www.google.com/maps/search/?api=1&query=Ph%E1%BB%9F%20Tu%E1%BA%A5n%20Th%C3%A0nh&query_place_id=ChIJMc2QtoBZNDER7WZO0wbsCfw","Nhà hàng châu Á"
"Cơm Xe Tải Cây Mít","4.6","16","3G32+W6X, QL21A","Hà Nội","Đoài Phương, Hà Nội","VN",,"","Nhà hàng cơm",,,,"https://www.google.com/maps/search/?api=1&query=C%C6%A1m%20Xe%20T%E1%BA%A3i%20C%C3%A2y%20M%C3%ADt&query_place_id=ChIJVYTIRpFZNDERsryU2XHG5u0","Nhà hàng cơm"
"Nướng Than Hoa Fuca","5","8","2G29+PVF","Hà Nội","Hòa Lạc, Hà Nội","VN",,"","Nhà hàng món nướng",,,,"https://www.google.com/maps/search/?api=1&query=N%C6%B0%E1%BB%9Bng%20Than%20Hoa%20Fuca&query_place_id=ChIJD1cjYQBbNDERtzxN8bNKurs","Nhà hàng món nướng"
"Hoà Lạc Viên","4","109","2G59+G2V, Quốc lộ 21","Hà Nội","Hòa Lạc, Hà Nội","VN",,"+84 24 3368 7396","Nhà hàng",,,,"https://www.google.com/maps/search/?api=1&query=Ho%C3%A0%20L%E1%BA%A1c%20Vi%C3%AAn&query_place_id=ChIJaQCONZFbNDERzLchgfrwEHQ","Nhà hàng"
"Chè Ngon Jolly","4.6","36",,"Hà Nội","Hòa Lạc, Hà Nội","VN",,"+84 869 958 939","Nhà hàng món chè bánh lọt","Cửa hàng kem",,,"https://www.google.com/maps/search/?api=1&query=Ch%C3%A8%20Ngon%20Jolly&query_place_id=ChIJn8yfJJJbNDERjqdNY5ZWWHg","Nhà hàng món chè bánh lọt"
"YAKI Buffet","4.5","22","147 Cụm 3","Hà Nội","Hòa Lạc, Hà Nội","VN","https://www.facebook.com/share/18q1fwwpxZ/?mibextid=wwXIfr","+84 382 683 890","Nhà hàng tiệc đứng",,,,"https://www.google.com/maps/search/?api=1&query=YAKI%20Buffet&query_place_id=ChIJRStLRwBbNDERDzXZFIpV_ys","Nhà hàng tiệc đứng"
"Deuseyo","4.3","50","Số 88 Thôn 3","Hà Nội","Hòa Lạc, Hà Nội","VN",,"+84 822 446 936","Nhà hàng Hàn Quốc",,,,"https://www.google.com/maps/search/?api=1&query=Deuseyo&query_place_id=ChIJi1eENgBbNDER9XP7e61RyWU","Nhà hàng Hàn Quốc"
"Lẩu Chất","4.3","6",,"Hà Nội","Hòa Lạc, Hà Nội","VN","https://www.facebook.com/share/1JyaVANvXW/?mibextid=wwXIfr","+84 981 218 123","Nhà hàng","Nhà hàng gia đình",,,"https://www.google.com/maps/search/?api=1&query=L%E1%BA%A9u%20Ch%E1%BA%A5t&query_place_id=ChIJU7LuTwBbNDERcSQtXMvbik8","Nhà hàng"
"Vua Gà Quang Thọ","4","286","QL21","Hà Nội","Hòa Lạc, Hà Nội","VN","https://www.viet-biz.com/vua-g%C3%A0-quang-th%E1%BB%8D-097-244-79-62","+84 972 447 962","Nhà hàng thịt gà",,,,"https://www.google.com/maps/search/?api=1&query=Vua%20G%C3%A0%20Quang%20Th%E1%BB%8D&query_place_id=ChIJwQL7kHNFNDEREPyKgxZBp6w","Nhà hàng thịt gà"
"Choén","5","1","2G59+26W","Hà Nội","Hòa Lạc, Hà Nội","VN",,"+84 336 550 836","Nhà hàng ăn nhanh",,,,"https://www.google.com/maps/search/?api=1&query=Cho%C3%A9n&query_place_id=ChIJrdtOBwBbNDERiqAplycVB4g","Nhà hàng ăn nhanh"
"Bún Chả Thu Hà","5","1","2G3C+27M, QL21A","Hà Nội","Hòa Lạc, Hà Nội","VN",,"+84 898 243 680","Nhà hàng phục vụ phần ăn nhỏ",,,,"https://www.google.com/maps/search/?api=1&query=B%C3%BAn%20Ch%E1%BA%A3%20Thu%20H%C3%A0&query_place_id=ChIJ9RPqCABbNDER7Uqfqj-1VTY","Nhà hàng phục vụ phần ăn nhỏ"
"Cơm Thu Thủy","3.9","61",,"Hà Nội","Hòa Lạc, Hà Nội","VN",,"+84 989 021 687","Nhà hàng cơm",,,,"https://www.google.com/maps/search/?api=1&query=C%C6%A1m%20Thu%20Th%E1%BB%A7y&query_place_id=ChIJ53IFtWRbNDERMcEuZ2CEqUQ","Nhà hàng cơm"
"Nhà Hàng Hồ Câu Đỗ Hiệp","4","67","2G59+3QF, QL21A","Hà Nội","Hòa Lạc, Hà Nội","VN",,"+84 967 430 066","Nhà hàng món cá",,,,"https://www.google.com/maps/search/?api=1&query=Nh%C3%A0%20H%C3%A0ng%20H%E1%BB%93%20C%C3%A2u%20%C4%90%E1%BB%97%20Hi%E1%BB%87p&query_place_id=ChIJZ2rtVXFFNDERDanPMQAVbkk","Nhà hàng món cá"
"Nhà Hàng Gà Ri Hưng Thịnh","4","226","QL21A","Hà Nội","Hòa Lạc, Hà Nội","VN",,"+84 985 130 972","Nhà hàng thịt gà",,,,"https://www.google.com/maps/search/?api=1&query=Nh%C3%A0%20H%C3%A0ng%20G%C3%A0%20Ri%20H%C6%B0ng%20Th%E1%BB%8Bnh&query_place_id=ChIJKaEczJlbNDERVmOGRAXzVEQ","Nhà hàng thịt gà"
"Cơm Thố Anh Nguyễn Hoà Lạc","2.4","49","2G49+J7M, QL21A","Hà Nội","Hòa Lạc, Hà Nội","VN","https://comthoanhnguyen.com.vn/","+84 987 469 933","Nhà hàng cơm",,,,"https://www.google.com/maps/search/?api=1&query=C%C6%A1m%20Th%E1%BB%91%20Anh%20Nguy%E1%BB%85n%20Ho%C3%A0%20L%E1%BA%A1c&query_place_id=ChIJqy8rBx9bNDERlFLhCaQJXNw","Nhà hàng cơm"
"Cơm Thố Bách Khoa","3.5","24","2G49+6C6","Hà Nội","Hòa Lạc, Hà Nội","VN",,"","Nhà hàng cơm",,,,"https://www.google.com/maps/search/?api=1&query=C%C6%A1m%20Th%E1%BB%91%20B%C3%A1ch%20Khoa&query_place_id=ChIJhzsIQABbNDERJ_muMVWCfNY","Nhà hàng cơm"
"Nhà Hàng Gà Ri Thanh Tuấn","4","9","QL21","Hà Nội","Hòa Lạc, Hà Nội","VN",,"+84 977 555 072","Nhà hàng thịt gà",,,,"https://www.google.com/maps/search/?api=1&query=Nh%C3%A0%20H%C3%A0ng%20G%C3%A0%20Ri%20Thanh%20Tu%E1%BA%A5n&query_place_id=ChIJ9Zw5WgBbNDERoMdBJYjhFFw","Nhà hàng thịt gà"
"Ốc Bống ( Địa chỉ duy nhất )","4","17","Đ. 21A","Hà Nội","Hòa Lạc, Hà Nội","VN",,"","Nhà hàng bán đồ ăn mang về",,,,"https://www.google.com/maps/search/?api=1&query=%E1%BB%90c%20B%E1%BB%91ng%20(%20%C4%90%E1%BB%8Ba%20ch%E1%BB%89%20duy%20nh%E1%BA%A5t%20)&query_place_id=ChIJqQNmd1pbNDERyrzTy4YKJyI","Nhà hàng bán đồ ăn mang về"
"Quán cơm sạch cô út miền tây",,,"3 Phố Thạch","Hà Nội","Hòa Lạc, Hà Nội","VN",,"","Nhà hàng cơm",,,,"https://www.google.com/maps/search/?api=1&query=Qu%C3%A1n%20c%C6%A1m%20s%E1%BA%A1ch%20c%C3%B4%20%C3%BAt%20mi%E1%BB%81n%20t%C3%A2y&query_place_id=ChIJIaOfAgBbNDERabLmpwFVBIY","Nhà hàng cơm"
"Mì Cay SEOUL Thạch Hòa","3.3","29","160 Thôn 3","Hà Nội","Hòa Lạc, Hà Nội","VN","https://micayseoul.com/","+84 961 579 086","Nhà hàng Hàn Quốc",,,,"https://www.google.com/maps/search/?api=1&query=M%C3%AC%20Cay%20SEOUL%20Th%E1%BA%A1ch%20H%C3%B2a&query_place_id=ChIJGVWRTc9bNDERFEaO5cmd-Ls","Nhà hàng Hàn Quốc"
"CƠM SẠCH 17","4.9","126","2G39+HVC","Hà Nội","Hòa Lạc, Hà Nội","VN",,"+84 822 783 123","Nhà hàng",,,,"https://www.google.com/maps/search/?api=1&query=C%C6%A0M%20S%E1%BA%A0CH%2017&query_place_id=ChIJ-UsoJwBbNDERk-mzYh2_GEE","Nhà hàng"
"Hoa Hồng Quán","5","1","64 QL21A","Hà Nội","Hòa Lạc, Hà Nội","VN","https://www.facebook.com/share/1BcZDCMeEH/?mibextid=wwXIfr","+84 886 807 777","Nhà hàng",,,,"https://www.google.com/maps/search/?api=1&query=Hoa%20H%E1%BB%93ng%20Qu%C3%A1n&query_place_id=ChIJF7MqUABbNDER78IFbUUpua4","Nhà hàng"
"Get&Go Cafe","4.7","115","QL21B","Hà Nội","Hòa Lạc, Hà Nội","VN","http://getngo.vn/","+84 981 469 889","Quán cà phê","Nhà hàng bán đồ ăn mang về",,,"https://www.google.com/maps/search/?api=1&query=Get%26Go%20Cafe&query_place_id=ChIJ6f6N3XhbNDERQgnadWt3m7k","Quán cà phê"
"Nhà hàng Cơm Quê Phú Bà - Hương Vị Việt","5","1","Nhà 09","Hà Nội","Hòa Lạc, Hà Nội","VN",,"+84 562 712 222","Nhà hàng",,,,"https://www.google.com/maps/search/?api=1&query=Nh%C3%A0%20h%C3%A0ng%20C%C6%A1m%20Qu%C3%AA%20Ph%C3%BA%20B%C3%A0%20-%20H%C6%B0%C6%A1ng%20V%E1%BB%8B%20Vi%E1%BB%87t&query_place_id=ChIJH_NyWABbNDERujHbDDzUs2Q","Nhà hàng"
"Ghiền BBQ","4.7","12","2G69+VCF","Hà Nội","Hòa Lạc, Hà Nội","VN","https://www.facebook.com/Ghi%E1%BB%81n-BBQ-104740305680710/","+84 372 311 859","Nhà hàng",,,,"https://www.google.com/maps/search/?api=1&query=Ghi%E1%BB%81n%20BBQ&query_place_id=ChIJL4rgDqxbNDERN82akdq4EnA","Nhà hàng"
"Bánh tráng Mon","4.8","21","2G39+MQF","Hà Nội","Hòa Lạc, Hà Nội","VN",,"+84 971 069 888","Nhà hàng ăn nhanh",,,,"https://www.google.com/maps/search/?api=1&query=B%C3%A1nh%20tr%C3%A1ng%20Mon&query_place_id=ChIJ_xinXQBbNDER6XVdDnMAKw8","Nhà hàng ăn nhanh"
"Xôi Nam","5","5","Km 15 QL21","Hà Nội","Hòa Lạc, Hà Nội","VN",,"+84 357 244 710","Gian hàng rong",,,,"https://www.google.com/maps/search/?api=1&query=X%C3%B4i%20Nam&query_place_id=ChIJKUngL8pbNDERBaQIw7-WupM","Gian hàng rong"
"Nhà Hàng Hồ Sen","4.8","5","2G5F+FRH","Hà Nội","Hòa Lạc, Hà Nội","VN",,"","Nhà hàng",,,,"https://www.google.com/maps/search/?api=1&query=Nh%C3%A0%20H%C3%A0ng%20H%E1%BB%93%20Sen&query_place_id=ChIJ5fGpH_hbNDEReWKBO9hIvho","Nhà hàng"
"Bia Hơi Chuẩn Hoàng Hoa Thám","5","1","Đường 21","Hà Nội","Hòa Lạc, Hà Nội","VN",,"","Nhà hàng",,,,"https://www.google.com/maps/search/?api=1&query=Bia%20H%C6%A1i%20Chu%E1%BA%A9n%20Ho%C3%A0ng%20Hoa%20Th%C3%A1m&query_place_id=ChIJYQh0iAlbNDER9rfwlb6HnH0","Nhà hàng"
"Phở Quang Anh","5","2","12 cụm 1","Hà Nội","Hòa Lạc, Hà Nội","VN",,"+84 375 630 924","Nhà hàng",,,,"https://www.google.com/maps/search/?api=1&query=Ph%E1%BB%9F%20Quang%20Anh&query_place_id=ChIJK3S2VgRbNDER6QZOO2RyENw","Nhà hàng"
"Nhà Hàng 666","4.3","18","21°00'28.2""N 105°31'04.5""E","Hà Nội","Hòa Lạc, Hà Nội","VN","https://www.google.com.vn/search?tbm=isch&q=666#imgrc=L0QB86Q2T2XE5M","+84 982 283 666","Nhà hàng",,,,"https://www.google.com/maps/search/?api=1&query=Nh%C3%A0%20H%C3%A0ng%20666&query_place_id=ChIJdfZ_sV9bNDER6naCGcDXwK0","Nhà hàng"
"Chu Choa","4.1","11","62 thôn 3","Hà Nội","Hòa Lạc, Hà Nội","VN",,"+84 982 424 364","Nhà hàng món nướng",,,,"https://www.google.com/maps/search/?api=1&query=Chu%20Choa&query_place_id=ChIJHSwPCwBbNDERKiETjf0Az4A","Nhà hàng món nướng"
"Ốc Huyền","4.9","9","2G3C+82V","Hà Nội","Hòa Lạc, Hà Nội","VN",,"+84 974 626 929","Quán ăn nhỏ",,,,"https://www.google.com/maps/search/?api=1&query=%E1%BB%90c%20Huy%E1%BB%81n&query_place_id=ChIJ8TkdA2pbNDERT-O29GX4XAI","Quán ăn nhỏ"
"Ramen Ten","3.8","41","2G69+H9Q, QL21A","Hà Nội","Hòa Lạc, Hà Nội","VN",,"+84 916 327 945","Nhà hàng Nhật Bản",,,,"https://www.google.com/maps/search/?api=1&query=Ramen%20Ten&query_place_id=ChIJ2V87OwBbNDERea7m-dwT2v0","Nhà hàng Nhật Bản"
"Quán Tổ Chim","4.1","34","2G2C+5MF, QL21","Hà Nội","Hòa Lạc, Hà Nội","VN",,"+84 932 292 116","Nhà hàng",,,,"https://www.google.com/maps/search/?api=1&query=Qu%C3%A1n%20T%E1%BB%95%20Chim&query_place_id=ChIJTZinv-lbNDERxSZbjbT79js","Nhà hàng"
"Bánh Cuốn Nam Kều","4.6","19","thôn 3 - xã, 35 cụm 1","Hà Nội","Hòa Lạc, Hà Nội","VN",,"+84 327 103 326","Nhà hàng",,,,"https://www.google.com/maps/search/?api=1&query=B%C3%A1nh%20Cu%E1%BB%91n%20Nam%20K%E1%BB%81u&query_place_id=ChIJvxWwfrlbNDERFYNGAz62eVY","Nhà hàng"
"Hotpot Hola","4.7","7",,"Hà Nội","Hòa Lạc, Hà Nội","VN",,"+84 918 060 322","Nhà hàng","Quán bia sân vườn",,,"https://www.google.com/maps/search/?api=1&query=Hotpot%20Hola&query_place_id=ChIJCehPVwBbNDERyCrqIdPI8ZE","Nhà hàng"
"Nhà Hàng Thanh Thuý","4.1","62",,"Hà Nội","Hòa Lạc, Hà Nội","VN",,"+84 848 555 111","Nhà hàng thịt gà",,,,"https://www.google.com/maps/search/?api=1&query=Nh%C3%A0%20H%C3%A0ng%20Thanh%20Thu%C3%BD&query_place_id=ChIJy3QmB0RbNDERbQUQ2PjR020","Nhà hàng thịt gà"
"Tê Tê Chicken","4","131",,"Hà Nội","Hòa Lạc, Hà Nội","VN","https://www.facebook.com/profile.php?id=61557834340814","+84 838 633 399","Quán gà rán mang đi",,,,"https://www.google.com/maps/search/?api=1&query=T%C3%AA%20T%C3%AA%20Chicken&query_place_id=ChIJnXn0ddZbNDERzUuRUdXk5Xc","Quán gà rán mang đi"
"Cơm Nguyễn Tuấn","3.3","12","214 thôn 3","Hà Nội","Hòa Lạc, Hà Nội","VN","https://www.facebook.com/canhdung.nguyen.927?mibextid=ZbWKwL","+84 983 556 183","Nhà hàng cơm",,,,"https://www.google.com/maps/search/?api=1&query=C%C6%A1m%20Nguy%E1%BB%85n%20Tu%E1%BA%A5n&query_place_id=ChIJQcqgwpZbNDERqdDkIT5HefE","Nhà hàng cơm"
"Góc Phố Quán","4.5","25","2G2C+FHX","Hà Nội","Hòa Lạc, Hà Nội","VN",,"","Nhà hàng",,,,"https://www.google.com/maps/search/?api=1&query=G%C3%B3c%20Ph%E1%BB%91%20Qu%C3%A1n&query_place_id=ChIJUdaBfxlbNDERnHpo5VmEWnw","Nhà hàng"
"Nhà Hàng Phố Bia","4.7","3","2G79+7MH","Hà Nội","Hòa Lạc, Hà Nội","VN",,"+84 869 663 936","Nhà hàng",,,,"https://www.google.com/maps/search/?api=1&query=Nh%C3%A0%20H%C3%A0ng%20Ph%E1%BB%91%20Bia&query_place_id=ChIJfcAc3pJbNDERxMFbt9UtUZc","Nhà hàng"
"Nhà Hàng Quỳnh Mai 999","5","2","đường 21A","Hà Nội","Hòa Lạc, Hà Nội","VN",,"+84 388 734 958","Nhà hàng",,,,"https://www.google.com/maps/search/?api=1&query=Nh%C3%A0%20H%C3%A0ng%20Qu%E1%BB%B3nh%20Mai%20999&query_place_id=ChIJuaRa-DZbNDERYIh3xj22ChA","Nhà hàng"
"Hẻm Nướng 1978","3","4","Đường vào TTQPAN","Hà Nội","Hòa Lạc, Hà Nội","VN",,"+84 327 127 277","Nhà hàng",,,,"https://www.google.com/maps/search/?api=1&query=H%E1%BA%BBm%20N%C6%B0%E1%BB%9Bng%201978&query_place_id=ChIJmT_RO51bNDER7y3B3R_I3Yw","Nhà hàng"
"Chốt Quán - Bánh Mì Patê Xá Xíu, Thịt Nướng Doner Kebab, Lạp Xưởng Xúc Xích","5","1","87 Thôn 3","Hà Nội","Hòa Lạc, Hà Nội","VN",,"+84 988 581 291","Nhà hàng ăn nhanh",,,,"https://www.google.com/maps/search/?api=1&query=Ch%E1%BB%91t%20Qu%C3%A1n%20-%20B%C3%A1nh%20M%C3%AC%20Pat%C3%AA%20X%C3%A1%20X%C3%ADu%2C%20Th%E1%BB%8Bt%20N%C6%B0%E1%BB%9Bng%20Doner%20Kebab%2C%20L%E1%BA%A1p%20X%C6%B0%E1%BB%9Fng%20X%C3%BAc%20X%C3%ADch&query_place_id=ChIJb5HoPwBbNDERbk38AiKU5Mg","Nhà hàng ăn nhanh"
"Five Star Hòa Lạc","4.5","4","Số 19 thôn 3","Hà Nội","Hòa Lạc, Hà Nội","VN",,"+84 328 549 306","Quán gà rán mang đi",,,,"https://www.google.com/maps/search/?api=1&query=Five%20Star%20H%C3%B2a%20L%E1%BA%A1c&query_place_id=ChIJR1X5d7KrNTERk3xCTrsVMt0","Quán gà rán mang đi"
"Bánh Cuốn Bún Chả Nhà Bắp","5","3","Số 179 Cụm 4","Hà Nội","Hòa Lạc, Hà Nội","VN",,"+84 376 822 660","Nhà hàng",,,,"https://www.google.com/maps/search/?api=1&query=B%C3%A1nh%20Cu%E1%BB%91n%20B%C3%BAn%20Ch%E1%BA%A3%20Nh%C3%A0%20B%E1%BA%AFp&query_place_id=ChIJuyciVQBbNDERuCyVAjJ86e4","Nhà hàng"
"Nhà hàng Gà Ri Hiền Hân","4.4","17",,"Hà Nội","Hòa Lạc, Hà Nội","VN",,"+84 915 313 525","Nhà hàng thịt gà",,,,"https://www.google.com/maps/search/?api=1&query=Nh%C3%A0%20h%C3%A0ng%20G%C3%A0%20Ri%20Hi%E1%BB%81n%20H%C3%A2n&query_place_id=ChIJVcCXdC1bNDERzIIStdLdri0","Nhà hàng thịt gà"
"Phở Cồ Như Ý 179","4.4","8","Phở Cồ Như Ý 179 Ql21A thôn 3 Thạch Hòa","Hà Nội","Hòa Lạc, Hà Nội","VN",,"","Quán ăn truyền thống Ghana",,,,"https://www.google.com/maps/search/?api=1&query=Ph%E1%BB%9F%20C%E1%BB%93%20Nh%C6%B0%20%C3%9D%20179&query_place_id=ChIJq_WXtAZbNDERBaP7m0f-SSU","Quán ăn truyền thống Ghana"
"Vườn Bia 86","5","3","2G2C+5VG","Hà Nội","Hòa Lạc, Hà Nội","VN",,"","Quán bia sân vườn",,,,"https://www.google.com/maps/search/?api=1&query=V%C6%B0%E1%BB%9Dn%20Bia%2086&query_place_id=ChIJKWbMVgBbNDERvnjlJBWsk7I","Quán bia sân vườn"
"Gangsta Nướng Chảo Gang","4","12","Số nhà 334, Thôn 3, Thạch Hoà, Thạch Thất","Hà Nội","Hòa Lạc, Hà Nội","VN",,"+84 922 810 810","Nhà hàng",,,,"https://www.google.com/maps/search/?api=1&query=Gangsta%20N%C6%B0%E1%BB%9Bng%20Ch%E1%BA%A3o%20Gang&query_place_id=ChIJd3uUfXZbNDERStRucLjwWi0","Nhà hàng"
"Cơm Niêu Phú Ông","3.9","99","Khu Công Nghệ Cao Hòa Lạc, Số 572 - QL21","Hà Nội","Hòa Lạc, Hà Nội","VN",,"+84 983 426 633","Nhà hàng cơm",,,,"https://www.google.com/maps/search/?api=1&query=C%C6%A1m%20Ni%C3%AAu%20Ph%C3%BA%20%C3%94ng&query_place_id=ChIJjeK6NbVbNDERr78CS12xC-g","Nhà hàng cơm"
"Hò Zô Ta Mơ Garden",,,"QL21","Hà Nội","Hòa Lạc, Hà Nội","VN",,"+84 904 508 222","Nhà hàng",,,,"https://www.google.com/maps/search/?api=1&query=H%C3%B2%20Z%C3%B4%20Ta%20M%C6%A1%20Garden&query_place_id=ChIJA2Fya8lbNDERun8DlrH6940","Nhà hàng"
"Bánh Cuốn Sửu Bike","5","2","2G79+5JQ","Hà Nội","Hòa Lạc, Hà Nội","VN",,"+84 971 272 407","Nhà hàng",,,,"https://www.google.com/maps/search/?api=1&query=B%C3%A1nh%20Cu%E1%BB%91n%20S%E1%BB%ADu%20Bike&query_place_id=ChIJo-F6RgBbNDER8VD4u0F-olE","Nhà hàng"
"Cơm Tún","2","4","2G68+MXV","Hà Nội","Hòa Lạc, Hà Nội","VN",,"+84 964 276 613","Nhà hàng cơm",,,,"https://www.google.com/maps/search/?api=1&query=C%C6%A1m%20T%C3%BAn&query_place_id=ChIJnfWrOgBbNDERDuzMs-G3SHk","Nhà hàng cơm"
"Miền Trung Bún Bò Huế 2","5","3","Miền Trung Quán 2","Hà Nội","Hòa Lạc, Hà Nội","VN",,"+84 989 496 007","Quán mì",,,,"https://www.google.com/maps/search/?api=1&query=Mi%E1%BB%81n%20Trung%20B%C3%BAn%20B%C3%B2%20Hu%E1%BA%BF%202&query_place_id=ChIJd4bIpvZbNDERdmE9CQLjte0","Quán mì"
"Bánh tráng cuốn Mai Hương","5","1","2G69+C96, QL21A","Hà Nội","Hòa Lạc, Hà Nội","VN",,"+84 369 254 530","Quán ăn nhỏ",,,,"https://www.google.com/maps/search/?api=1&query=B%C3%A1nh%20tr%C3%A1ng%20cu%E1%BB%91n%20Mai%20H%C6%B0%C6%A1ng&query_place_id=ChIJB9mQt5NbNDERobFKp7XgQMM","Quán ăn nhỏ"
"Hoà Lạc Quán","4","24","2G59+45C","Hà Nội","Hòa Lạc, Hà Nội","VN",,"+84 969 090 643","Nhà hàng",,,,"https://www.google.com/maps/search/?api=1&query=Ho%C3%A0%20L%E1%BA%A1c%20Qu%C3%A1n&query_place_id=ChIJw0vkVwBbNDERgsd3QXtK--k","Nhà hàng"
"Xôi Quê","3.8","20","296 Thôn 3","Hà Nội","Hòa Lạc, Hà Nội","VN",,"+84 328 541 685","Quán ăn nhỏ",,,,"https://www.google.com/maps/search/?api=1&query=X%C3%B4i%20Qu%C3%AA&query_place_id=ChIJjfjnGdtbNDERN5hEmIS-QWA","Quán ăn nhỏ"
"Nhà Hàng Huy Cường","3.9","48","7 Thôn 6","Hà Nội","Hòa Lạc, Hà Nội","VN",,"+84 916 611 972","Nhà hàng",,,,"https://www.google.com/maps/search/?api=1&query=Nh%C3%A0%20H%C3%A0ng%20Huy%20C%C6%B0%E1%BB%9Dng&query_place_id=ChIJLXTaz5lbNDERiT2n-g-RImg","Nhà hàng"
"Cơm Nhất Linh","4.2","10","2G2C+CJ3","Hà Nội","Hòa Lạc, Hà Nội","VN",,"","Nhà hàng cơm",,,,"https://www.google.com/maps/search/?api=1&query=C%C6%A1m%20Nh%E1%BA%A5t%20Linh&query_place_id=ChIJ5d5VYFhbNDERJqtYs521ask","Nhà hàng cơm"
"Bún Bò Huế Thái Anh 688","4.3","111","2G49+8HF","Hà Nội","Hòa Lạc, Hà Nội","VN",,"+84 346 636 000","Quán mì",,,,"https://www.google.com/maps/search/?api=1&query=B%C3%BAn%20B%C3%B2%20Hu%E1%BA%BF%20Th%C3%A1i%20Anh%20688&query_place_id=ChIJp_3CFfpbNDERyvG1es3SL5Q","Quán mì"
"Cơm Tấm 79","4","5","2G69+4FJ, QL21A","Hà Nội","Hòa Lạc, Hà Nội","VN",,"+84 879 952 398","Nhà hàng cơm",,,,"https://www.google.com/maps/search/?api=1&query=C%C6%A1m%20T%E1%BA%A5m%2079&query_place_id=ChIJR0GrHwBbNDERtPkop2rUPKo","Nhà hàng cơm"
"Nhà Hàng Gà Ri Phú Bình 2","3.7","410",,"Hà Nội","Hòa Lạc, Hà Nội","VN","http://phubinhhoalac.com.vn/","+84 981 242 299","Nhà hàng thịt gà",,,,"https://www.google.com/maps/search/?api=1&query=Nh%C3%A0%20H%C3%A0ng%20G%C3%A0%20Ri%20Ph%C3%BA%20B%C3%ACnh%202&query_place_id=ChIJDbOOXJdbNDERKd7x2P_YDZc","Nhà hàng thịt gà"
"Bún Bò Huế Đức Duy","4.8","6",,"Hà Nội","Hòa Lạc, Hà Nội","VN",,"+84 973 271 135","Quán ăn nhỏ",,,,"https://www.google.com/maps/search/?api=1&query=B%C3%BAn%20B%C3%B2%20Hu%E1%BA%BF%20%C4%90%E1%BB%A9c%20Duy&query_place_id=ChIJ-XmK80lbNDERPF6XpDn3Tok","Quán ăn nhỏ"
"Tiệm trà Bảo An","5","1","2G69+WF3, QL21A","Hà Nội","Hòa Lạc, Hà Nội","VN",,"","Nhà hàng",,,,"https://www.google.com/maps/search/?api=1&query=Ti%E1%BB%87m%20tr%C3%A0%20B%E1%BA%A3o%20An&query_place_id=ChIJcQfOTgBbNDERP8Cg81U85Xs","Nhà hàng"
"Tâm Hoa - Nướng Bbq","5","1",,"Hà Nội","Hòa Lạc, Hà Nội","VN",,"","Nhà hàng",,,,"https://www.google.com/maps/search/?api=1&query=T%C3%A2m%20Hoa%20-%20N%C6%B0%E1%BB%9Bng%20Bbq&query_place_id=ChIJQyrCjpRbNDERa86K8LVri0k","Nhà hàng"
"Canteen HOLA","3.4","15",,"Hà Nội","Hòa Lạc, Hà Nội","VN",,"","Nhà hàng","Quán ăn tự phục vụ",,,"https://www.google.com/maps/search/?api=1&query=Canteen%20HOLA&query_place_id=ChIJ2Y20cPJbNDERtVlRmRWsfOE","Nhà hàng"
"Góc Ăn Vặt","5","1",,"Hà Nội","Hòa Lạc, Hà Nội","VN",,"+84 325 450 959","Nhà hàng",,,,"https://www.google.com/maps/search/?api=1&query=G%C3%B3c%20%C4%82n%20V%E1%BA%B7t&query_place_id=ChIJpSMKfgNbNDERfUO6ay-dxt4","Nhà hàng"
"Gà ri Mạnh Cường","3.9","40","QL21A","Hà Nội","Hòa Lạc, Hà Nội","VN",,"+84 983 508 066","Nhà hàng thịt gà",,,,"https://www.google.com/maps/search/?api=1&query=G%C3%A0%20ri%20Ma%CC%A3nh%20C%C6%B0%C6%A1%CC%80ng&query_place_id=ChIJA1K-_0lbNDERsIAWQC-QL-0","Nhà hàng thịt gà"
"Nhà Hàng Thanh Dũng","3.9","31","XGXC+PRR, QL21A","Hà Nội","Hòa Lạc, Hà Nội","VN",,"+84 24 3368 5342","Nhà hàng",,,,"https://www.google.com/maps/search/?api=1&query=Nh%C3%A0%20H%C3%A0ng%20Thanh%20D%C5%A9ng&query_place_id=ChIJB9Zdm5dbNDERumxr6yV-RUM","Nhà hàng"
"Hẻm Nướng","3","2","Ngõ 1 Đường Cây Xăng 39","Hà Nội","Hòa Lạc, Hà Nội","VN",,"+84 327 146 083","Món nướng",,,,"https://www.google.com/maps/search/?api=1&query=H%E1%BA%BBm%20N%C6%B0%E1%BB%9Bng&query_place_id=ChIJh8OeeLdbNDERmhfod8cQDe8","Món nướng"
"Vườn Bia Đồi Xanh",,,,"Hà Nội","Thạch Hòa, Hà Nội","VN",,"+84 978 697 961","Nhà hàng",,,,"https://www.google.com/maps/search/?api=1&query=V%C6%B0%E1%BB%9Dn%20Bia%20%C4%90%E1%BB%93i%20Xanh&query_place_id=ChIJ49KSctNbNDERccWPQfRZwvo","Nhà hàng"
"Bún Chả Nhất","4.1","20","Số 498 Thôn 3","Hà Nội","Hòa Lạc, Hà Nội","VN",,"+84 989 157 979","Nhà hàng",,,,"https://www.google.com/maps/search/?api=1&query=B%C3%BAn%20Ch%E1%BA%A3%20Nh%E1%BA%A5t&query_place_id=ChIJ6zp0QRJbNDER3AJ4q6Ug1mI","Nhà hàng"
"Mỳ Cay Seoul Hàn Quốc","3.4","33","2G39+QP7","Hà Nội","Hòa Lạc, Hà Nội","VN","https://www.facebook.com/datbavi.hn?mibextid=LQQJ4d","+84 984 117 955","Nhà hàng",,,,"https://www.google.com/maps/search/?api=1&query=M%E1%BB%B3%20Cay%20Seoul%20H%C3%A0n%20Qu%E1%BB%91c&query_place_id=ChIJAaL7_GlbNDERk8kScBxGkkI","Nhà hàng"
"Bún Riêu Cua Thảo Thuận 2","4","4","2G59+VFF, QL21A","Hà Nội","Hòa Lạc, Hà Nội","VN",,"","Quán mì",,,,"https://www.google.com/maps/search/?api=1&query=B%C3%BAn%20Ri%C3%AAu%20Cua%20Th%E1%BA%A3o%20Thu%E1%BA%ADn%202&query_place_id=ChIJUwLbOwBbNDER4lBmCmz_Bew","Quán mì"
"Bún Cháo Tuấn Hưng Gà Mía","5","1","2G2C+FHX","Hà Nội","Hòa Lạc, Hà Nội","VN",,"","Quán mì",,,,"https://www.google.com/maps/search/?api=1&query=B%C3%BAn%20Ch%C3%A1o%20Tu%E1%BA%A5n%20H%C6%B0ng%20G%C3%A0%20M%C3%ADa&query_place_id=ChIJGbZkfwBbNDERJqYhy3uxZZE","Quán mì"
"Thanh Xuân Quán",,,"2G2C+55M","Hà Nội","Hòa Lạc, Hà Nội","VN",,"","Nhà hàng",,,,"https://www.google.com/maps/search/?api=1&query=Thanh%20Xu%C3%A2n%20Qu%C3%A1n&query_place_id=ChIJQT87QQBbNDER7u3S8JXurQI","Nhà hàng"
"Vua Bún Riêu Cua_ Lẩu Ếch","4.3","7","2G69+VCF","Hà Nội","Hòa Lạc, Hà Nội","VN",,"+84 976 712 092","Cửa hàng ăn nhanh",,,,"https://www.google.com/maps/search/?api=1&query=Vua%20B%C3%BAn%20Ri%C3%AAu%20Cua_%20L%E1%BA%A9u%20%E1%BA%BEch&query_place_id=ChIJ52STAQBbNDERlaWeOrJvdag","Cửa hàng ăn nhanh"
"Bún Đậu Sơn béo","2.4","27","Thôn 3 QL21","Hà Nội","Hòa Lạc, Hà Nội","VN",,"+84 866 823 822","Nhà hàng gia đình",,,,"https://www.google.com/maps/search/?api=1&query=B%C3%BAn%20%C4%90%E1%BA%ADu%20S%C6%A1n%20b%C3%A9o&query_place_id=ChIJwbQpFWZbNDERW1A4GuxaRi8","Nhà hàng gia đình"
"Chân Gà Sốt Thái Yến Nhi","5","3","Số 39 Cụm 1","Hà Nội","Hòa Lạc, Hà Nội","VN","https://www.facebook.com/share/18oFQrqDvN/","+84 334 466 083","Nhà hàng ăn nhanh",,,,"https://www.google.com/maps/search/?api=1&query=Ch%C3%A2n%20G%C3%A0%20S%E1%BB%91t%20Th%C3%A1i%20Y%E1%BA%BFn%20Nhi&query_place_id=ChIJTe-zPgBbNDERDQIdRrvJhRw","Nhà hàng ăn nhanh"
"Phở Cồ Hòa Lạc","3.6","5","2G69+4CQ","Hà Nội","Hòa Lạc, Hà Nội","VN",,"","Nhà hàng phở",,,,"https://www.google.com/maps/search/?api=1&query=Ph%E1%BB%9F%20C%E1%BB%93%20H%C3%B2a%20L%E1%BA%A1c&query_place_id=ChIJayLLOFpbNDERxaGb_TBbjCk","Nhà hàng phở"
"Quán Mỳ U Hoa","3.8","6","số 44 Cụm 1","Hà Nội","Hòa Lạc, Hà Nội","VN",,"+84 384 215 138","Nhà hàng Việt Nam",,,,"https://www.google.com/maps/search/?api=1&query=Qu%C3%A1n%20M%E1%BB%B3%20U%20Hoa&query_place_id=ChIJcUENb3pbNDERNFqmmLsZkdc","Nhà hàng Việt Nam"
"Bún Cháo Kim Dung","5","2",,"Hà Nội","Hòa Lạc, Hà Nội","VN",,"","Quán ăn nhỏ",,,,"https://www.google.com/maps/search/?api=1&query=B%C3%BAn%20Ch%C3%A1o%20Kim%20Dung&query_place_id=ChIJsW2NAJRbNDERdqOCei2TvEM","Quán ăn nhỏ"
"Bánh Mỳ Nguyễn Việt","3","2","QL21A","Hà Nội","Hòa Lạc, Hà Nội","VN","https://www.facebook.com/nguyenvuong28102017","+84 356 721 667","Cửa hàng sandwich",,,,"https://www.google.com/maps/search/?api=1&query=B%C3%A1nh%20M%E1%BB%B3%20Nguy%E1%BB%85n%20Vi%E1%BB%87t&query_place_id=ChIJJTqH_PlbNDERV13GNagDmMc","Cửa hàng sandwich"
"Bún Chả Nem Hùng Anh","3.3","36","2G69+CG8","Hà Nội","Hòa Lạc, Hà Nội","VN",,"+84 342 436 528","Quán ăn nhỏ",,,,"https://www.google.com/maps/search/?api=1&query=B%C3%BAn%20Ch%E1%BA%A3%20Nem%20H%C3%B9ng%20Anh&query_place_id=ChIJd-eANFtbNDER3JG_m9Zhrqs","Quán ăn nhỏ"
"Phở Gà Tuấn Hưng",,,"QL21A","Hà Nội","thạch thất, Hà Nội","VN","https://www.facebook.com/share/18cbrUQrwV/","+84 945 645 645","Nhà hàng",,,,"https://www.google.com/maps/search/?api=1&query=Ph%E1%BB%9F%20G%C3%A0%20Tu%E1%BA%A5n%20H%C6%B0ng&query_place_id=ChIJ8-ETmR-tNTERZW4DhCFbxDY","Nhà hàng"
"Lẩu Hulk Ếch","5","2",,"Hà Nội","Hòa Lạc, Hà Nội","VN","https://www.facebook.com/profile.php?id=100086642153584&mibextid=LQQJ4d","","Nhà hàng",,,,"https://www.google.com/maps/search/?api=1&query=L%E1%BA%A9u%20Hulk%20%E1%BA%BEch&query_place_id=ChIJa0N0vZRbNDERP-c3Ls4BykQ","Nhà hàng"
"Ốc Sài Gòn","3","1","346 thôn 3","Hà Nội","Hòa Lạc, Hà Nội","VN",,"","Quán ăn nhỏ",,,,"https://www.google.com/maps/search/?api=1&query=%E1%BB%90c%20S%C3%A0i%20G%C3%B2n&query_place_id=ChIJQ1AUcgBbNDER0Jbg6dQj3nQ","Quán ăn nhỏ"
"Mỳ cay Hola","3.7","11","2G79+CF4","Hà Nội","Hòa Lạc, Hà Nội","VN",,"+84 945 403 868","Quán ăn nhỏ",,,,"https://www.google.com/maps/search/?api=1&query=M%E1%BB%B3%20cay%20Hola&query_place_id=ChIJW3aVu05bNDERFfxsKl_po70","Quán ăn nhỏ"
"Cơm Gà RuBy","4.1","8","Số 282A cụm 4","Hà Nội","Hòa Lạc, Hà Nội","VN",,"","Quán ăn nhỏ",,,,"https://www.google.com/maps/search/?api=1&query=C%C6%A1m%20G%C3%A0%20RuBy&query_place_id=ChIJdciR4vJbNDERaxg_7PcYRws","Quán ăn nhỏ"
"Cơm Đăng Khôi",,,"2G79+CF4","Hà Nội","Hòa Lạc, Hà Nội","VN",,"","Nhà hàng cơm",,,,"https://www.google.com/maps/search/?api=1&query=C%C6%A1m%20%C4%90%C4%83ng%20Kh%C3%B4i&query_place_id=ChIJK_3bNQBbNDER3OvZfTLBqjc","Nhà hàng cơm"
"Oanh Thân Lẩu Chó","3.4","5","XGXC+XQM","Hà Nội","Hòa Lạc, Hà Nội","VN",,"+84 975 296 168","Nhà hàng",,,,"https://www.google.com/maps/search/?api=1&query=Oanh%20Th%C3%A2n%20L%E1%BA%A9u%20Ch%C3%B3&query_place_id=ChIJyZtjwRVbNDERVwm55jYlP0o","Nhà hàng"
"Pizza Fat","3.5","55","2G69+XJJ","Hà Nội","Hòa Lạc, Hà Nội","VN",,"","Nhà hàng pizza",,,,"https://www.google.com/maps/search/?api=1&query=Pizza%20Fat&query_place_id=ChIJ5Qk3JUlbNDERTcYmf1MgwzE","Nhà hàng pizza"
"Bún Chả Hà Nội Thủy Béo",,,"2G49+J7M, QL21","Hà Nội","Hòa Lạc, Hà Nội","VN",,"","Quán mì",,,,"https://www.google.com/maps/search/?api=1&query=B%C3%BAn%20Ch%E1%BA%A3%20H%C3%A0%20N%E1%BB%99i%20Th%E1%BB%A7y%20B%C3%A9o&query_place_id=ChIJD8z2fQBbNDERZi-cxwZrS7E","Quán mì"
"Cơm Nam Hằng",,,"564 QL21","Hà Nội","Hòa Lạc, Hà Nội","VN",,"","Quán ăn nhỏ",,,,"https://www.google.com/maps/search/?api=1&query=C%C6%A1m%20Nam%20H%E1%BA%B1ng&query_place_id=ChIJxRxYMABbNDERCTsvuozKfk8","Quán ăn nhỏ"
"Vịt Quay Lê Hương",,,"2G2C+V9H","Hà Nội","Hòa Lạc, Hà Nội","VN",,"","Quán ăn nhỏ",,,,"https://www.google.com/maps/search/?api=1&query=V%E1%BB%8Bt%20Quay%20L%C3%AA%20H%C6%B0%C6%A1ng&query_place_id=ChIJJft1fABbNDERBnkL1Q68Sts","Quán ăn nhỏ"
"Finger Food",,,"Điểm xe bus thứ 2 từ đại học FPT - Thôn 3 xã Thạch Hòa, QL21","Hà Nội","Hòa Lạc, Hà Nội","VN",,"+84 338 393 656","Nhà hàng",,,,"https://www.google.com/maps/search/?api=1&query=Finger%20Food&query_place_id=ChIJRTQ4cIdbNDERva6MFUBilaI","Nhà hàng"
"Bún cá cay Hồng Sáu",,,"2G7C+M29, QL21A","Hà Nội","Hòa Lạc, Hà Nội","VN",,"+84 972 232 363","Nhà hàng chuyên phục vụ bữa nửa buổi",,,,"https://www.google.com/maps/search/?api=1&query=B%C3%BAn%20c%C3%A1%20cay%20H%E1%BB%93ng%20S%C3%A1u&query_place_id=ChIJf3VfmDxbNDERzTXa8C33Uk4","Nhà hàng chuyên phục vụ bữa nửa buổi"
"Bánh Mì Kebab 3T",,,"542 QL21","Hà Nội","Hòa Lạc, Hà Nội","VN",,"+84 968 223 713","Nhà hàng món bánh mì Thổ Nhĩ Kỳ","Quầy bánh mì kẹp xúc xích","Quầy giải khát",,"https://www.google.com/maps/search/?api=1&query=B%C3%A1nh%20M%C3%AC%20Kebab%203T&query_place_id=ChIJD5IMIrNbNDERjEn-PWMJ6f8","Nhà hàng món bánh mì Thổ Nhĩ Kỳ"
"Bún riêu cua bắp bò Thu Phương","3.4","5","2G79+MH4","Hà Nội","Hòa Lạc, Hà Nội","VN",,"","Quán mì",,,,"https://www.google.com/maps/search/?api=1&query=B%C3%BAn%20ri%C3%AAu%20cua%20b%E1%BA%AFp%20b%C3%B2%20Thu%20Ph%C6%B0%C6%A1ng&query_place_id=ChIJe9xGTxlbNDERL9ysW8HaURE","Quán mì"
"Bún Đậu Cô Tuyết",,,"Số 33 Thôn 3","Hà Nội","Hòa Lạc, Hà Nội","VN",,"+84 962 620 393","Quán ăn nhỏ",,,,"https://www.google.com/maps/search/?api=1&query=B%C3%BAn%20%C4%90%E1%BA%ADu%20C%C3%B4%20Tuy%E1%BA%BFt&query_place_id=ChIJpUHC869bNDER79W1kLBluI4","Quán ăn nhỏ"
"Ahiii Chicken",,,"Số 82 Thôn 3","Hà Nội","Hòa Lạc, Hà Nội","VN",,"+84 962 812 212","Nhà hàng ăn nhanh",,,,"https://www.google.com/maps/search/?api=1&query=Ahiii%20Chicken&query_place_id=ChIJVdi8RQBbNDERodP5wk0_JSo","Nhà hàng ăn nhanh"
"Cơm Tấm Bếp Mẹ Kem",,,"2G49+P66, QL21","Hà Nội","Hòa Lạc, Hà Nội","VN",,"","Quán ăn nhỏ",,,,"https://www.google.com/maps/search/?api=1&query=C%C6%A1m%20T%E1%BA%A5m%20B%E1%BA%BFp%20M%E1%BA%B9%20Kem&query_place_id=ChIJNxdUZwBbNDERrWkvgf7rlnQ","Quán ăn nhỏ"
"Bún đậu Đồng Mô 2","2.9","10","2G69+GGV, 130","Hà Nội","Hòa Lạc, Hà Nội","VN",,"+84 829 170 333","Nhà hàng gia đình",,,,"https://www.google.com/maps/search/?api=1&query=B%C3%BAn%20%C4%91%E1%BA%ADu%20%C4%90%E1%BB%93ng%20M%C3%B4%202&query_place_id=ChIJNTnWKgBbNDER_rky0_aB5So","Nhà hàng gia đình"
"Linh Anh Quán","1","1",,"Hà Nội","Hòa Lạc, Hà Nội","VN",,"","Nhà hàng",,,,"https://www.google.com/maps/search/?api=1&query=Linh%20Anh%20Qu%C3%A1n&query_place_id=ChIJN_PMlZRbNDERIMCHIECPt2E","Nhà hàng"
"Phở Cồ An 2",,,"2G49+J7M, QL21A","Hà Nội","Hòa Lạc, Hà Nội","VN",,"","Nhà hàng phở",,,,"https://www.google.com/maps/search/?api=1&query=Ph%E1%BB%9F%20C%E1%BB%93%20An%202&query_place_id=ChIJZ04XLQBbNDERofaKGwvClCQ","Nhà hàng phở"
"Quán mỳ quảng",,,"2G79+CF4","Hà Nội","Hòa Lạc, Hà Nội","VN",,"","Quán mì",,,,"https://www.google.com/maps/search/?api=1&query=Qu%C3%A1n%20m%E1%BB%B3%20qu%E1%BA%A3ng&query_place_id=ChIJJWbjPgBbNDERpmsG6rR1Azk","Quán mì"
"Quán Bia Vàng 999",,,"2G2C+443","Hà Nội","Hòa Lạc, Hà Nội","VN",,"","Quán bia sân vườn",,,,"https://www.google.com/maps/search/?api=1&query=Qu%C3%A1n%20Bia%20V%C3%A0ng%20999&query_place_id=ChIJT0AmbQBbNDERvRn2nretB2w","Quán bia sân vườn"
"Quán phở Minh Đức",,,"2G2C+V99","Hà Nội","Hòa Lạc, Hà Nội","VN",,"","Nhà hàng gia đình",,,,"https://www.google.com/maps/search/?api=1&query=Qu%C3%A1n%20ph%E1%BB%9F%20Minh%20%C4%90%E1%BB%A9c&query_place_id=ChIJp_JZegBbNDERwbrge2vdrQY","Nhà hàng gia đình"
"Quán vịt Xuân Lan",,,"2G2C+V9H","Hà Nội","Hòa Lạc, Hà Nội","VN",,"","Nhà hàng",,,,"https://www.google.com/maps/search/?api=1&query=Qu%C3%A1n%20v%E1%BB%8Bt%20Xu%C3%A2n%20Lan&query_place_id=ChIJ80scHwBbNDER4AIxGn8Mt_E","Nhà hàng"
"Phở Bò Trung Kiên",,,"2G3C+45C, QL21A","Hà Nội","Hòa Lạc, Hà Nội","VN",,"+84 973 138 721","Nhà hàng phở",,,,"https://www.google.com/maps/search/?api=1&query=Ph%E1%BB%9F%20B%C3%B2%20Trung%20Ki%C3%AAn&query_place_id=ChIJz4ExPABbNDERz4nHNFhw0KM","Nhà hàng phở"
"Bún chả Năm Hòi",,,"2G69+675","Hà Nội","Hòa Lạc, Hà Nội","VN",,"","Nhà hàng chuyên phục vụ bữa sáng",,,,"https://www.google.com/maps/search/?api=1&query=B%C3%BAn%20ch%E1%BA%A3%20N%C4%83m%20H%C3%B2i&query_place_id=ChIJ-ZsEUwBbNDERelh90WyxjV4","Nhà hàng chuyên phục vụ bữa sáng"
"Phở bò 999",,,"2G49+6JH","Hà Nội","Hòa Lạc, Hà Nội","VN",,"","Nhà hàng",,,,"https://www.google.com/maps/search/?api=1&query=Ph%E1%BB%9F%20b%C3%B2%20999&query_place_id=ChIJESvyEwBbNDERcGUXf-svlOI","Nhà hàng"
"Minh Chi Bún Chả Hà Nội",,,,"Hà Nội","Hòa Lạc, Hà Nội","VN",,"","Nhà hàng",,,,"https://www.google.com/maps/search/?api=1&query=Minh%20Chi%20B%C3%BAn%20Ch%E1%BA%A3%20H%C3%A0%20N%E1%BB%99i&query_place_id=ChIJ6zKEu5RbNDERYcLOp4c-qwc","Nhà hàng"
"Bánh Mỳ Chảo Kozzo","5","1","Nhà 65","Hà Nội","Hòa Lạc, Hà Nội","VN",,"+84 898 322 496","Nhà hàng ăn nhanh",,,,"https://www.google.com/maps/search/?api=1&query=B%C3%A1nh%20M%E1%BB%B3%20Ch%E1%BA%A3o%20Kozzo&query_place_id=ChIJv0BhQPxbNDER8ZyNkSrsce4","Nhà hàng ăn nhanh"
"Lẩu Hoa Thảo Dược Ngọc Linh","5","1","Thôn Trại Mới","Hà Nội","Yên Xuân, Hà Nội","VN","https://thunglungngoclinh.com/","+84 378 882 828","Nhà hàng món lẩu",,,,"https://www.google.com/maps/search/?api=1&query=L%E1%BA%A9u%20Hoa%20Th%E1%BA%A3o%20D%C6%B0%E1%BB%A3c%20Ng%E1%BB%8Dc%20Linh&query_place_id=ChIJ97C3IYNdNDER239rtN-qZ-A","Nhà hàng món lẩu"
"Cánh Đồng Quán Tin Tin",,,"XFCX+V47","Hà Nội","Yên Xuân, Hà Nội","VN",,"+84 839 583 456","Nhà hàng",,,,"https://www.google.com/maps/search/?api=1&query=C%C3%A1nh%20%C4%90%E1%BB%93ng%20Qu%C3%A1n%20Tin%20Tin&query_place_id=ChIJXW6ZTwBdNDERrtpCrFMQjbo","Nhà hàng"
"Phương Hưởng Quán",,,"XFHW+PFW, Xóm Trại Mới","Hòa Bình","Lương Sơn, Hòa Bình","VN",,"+84 961 907 129","Nhà hàng",,,,"https://www.google.com/maps/search/?api=1&query=Ph%C6%B0%C6%A1ng%20H%C6%B0%E1%BB%9Fng%20Qu%C3%A1n&query_place_id=ChIJVVVKEgBdNDERss5c67H3030","Nhà hàng"
"Nhà Hàng Ngọc Trai Tiến Xuân","5","9","XFWJ+FM","Hà Nội","Yên Xuân, Hà Nội","VN",,"+84 567 788 888","Nhà hàng",,,,"https://www.google.com/maps/search/?api=1&query=Nh%C3%A0%20H%C3%A0ng%20Ng%E1%BB%8Dc%20Trai%20Ti%E1%BA%BFn%20Xu%C3%A2n&query_place_id=ChIJ-XGWfQBdNDER8IYkEkJ30p4","Nhà hàng"
"Đồng Quê Quán",,,"XFHW+PFW, Xóm Trại Mới","Hòa Bình","Lương Sơn, Hòa Bình","VN",,"","Nhà hàng",,,,"https://www.google.com/maps/search/?api=1&query=%C4%90%E1%BB%93ng%20Qu%C3%AA%20Qu%C3%A1n&query_place_id=ChIJQ4XVFQBdNDERhBM_VanL-KA","Nhà hàng"
"Gà Tươi Mạnh Hoạch","4.9","11",,"Hà Nội","Hòa Lạc, Hà Nội","VN",,"+84 925 973 111","Nhà hàng","Nhà hàng thịt gà",,,"https://www.google.com/maps/search/?api=1&query=G%C3%A0%20T%C6%B0%C6%A1i%20M%E1%BA%A1nh%20Ho%E1%BA%A1ch&query_place_id=ChIJtc9jJQBbNDERnw4YCfugYoI","Nhà hàng"
"Nhà Hàng Na Lá Cọ","4.7","29",,"Hà Nội","Yên Xuân, Hà Nội","VN",,"+84 981 112 191","Nhà hàng",,,,"https://www.google.com/maps/search/?api=1&query=Nh%C3%A0%20H%C3%A0ng%20Na%20L%C3%A1%20C%E1%BB%8D&query_place_id=ChIJMTO69ABbNDERCwFqQQaO9rU","Nhà hàng"
"Nhà Hàng Dê Sơn Dương Thạch Hòa","4.6","16","Cụm 3 thôn 2","Hà Nội","Hòa Lạc, Hà Nội","VN",,"+84 382 233 568","Nhà hàng",,,,"https://www.google.com/maps/search/?api=1&query=Nh%C3%A0%20H%C3%A0ng%20D%C3%AA%20S%C6%A1n%20D%C6%B0%C6%A1ng%20Th%E1%BA%A1ch%20H%C3%B2a&query_place_id=ChIJ0cXjz79bNDER2axzlhlk7nw","Nhà hàng"
"Nhà Hàng Hò Zô Ta","4","426",,"Hà Nội","Yên Xuân, Hà Nội","VN","https://hozota.cukcuk.vn/order-online/","+84 904 662 000","Nhà hàng",,,,"https://www.google.com/maps/search/?api=1&query=Nh%C3%A0%20H%C3%A0ng%20H%C3%B2%20Z%C3%B4%20Ta&query_place_id=ChIJ3RJcKxlbNDER-nVm-LJCmfc","Nhà hàng"
"PHỞ BÒ, GÀ, BÚN CÁ HÒZÔTA tại Hoà Lạc","5","7",,"Hà Nội","Yên Xuân, Hà Nội","VN",,"+84 966 982 020","Nhà hàng phở","Nhà hàng",,,"https://www.google.com/maps/search/?api=1&query=PH%E1%BB%9E%20B%C3%92%2C%20G%C3%80%2C%20B%C3%9AN%20C%C3%81%20H%C3%92Z%C3%94TA%20t%E1%BA%A1i%20Ho%C3%A0%20L%E1%BA%A1c&query_place_id=ChIJa7Z0TABdNDERPpFUOJqSipk","Nhà hàng phở"
"Hòa Thuận Quán Ẩm Thực Tây Bắc","4","49","2FW9+993","Hà Nội","Đoài Phương, Hà Nội","VN",,"","Nhà hàng",,,,"https://www.google.com/maps/search/?api=1&query=H%C3%B2a%20Thu%E1%BA%ADn%20Qu%C3%A1n%20%E1%BA%A8m%20Th%E1%BB%B1c%20T%C3%A2y%20B%E1%BA%AFc&query_place_id=ChIJjf4hqp1eNDERrIsV9IQaVCc","Nhà hàng"
"Vạc Quán","4.5","4","Số 168 QL21A","Hà Nội","Đoài Phương, Hà Nội","VN",,"+84 965 782 825","Nhà hàng",,,,"https://www.google.com/maps/search/?api=1&query=V%E1%BA%A1c%20Qu%C3%A1n&query_place_id=ChIJS-FfYABZNDERXAYn8NL84Og","Nhà hàng"
"Quán Cây Si","5","1","3F5X+48X, QL21A","Hà Nội","Sơn Tây, Hà Nội","VN",,"","Nhà hàng gia đình",,,,"https://www.google.com/maps/search/?api=1&query=Qu%C3%A1n%20C%C3%A2y%20Si&query_place_id=ChIJjQdXFABfNDERkRp_2wJJ8zs","Nhà hàng gia đình"
"Nhà Hàng Thanh Bình Lẩu Cua Đồng Gà Ri","4.6","92","7PGQ+45","Hà Nội","Đoài Phương, Hà Nội","VN",,"+84 368 898 456","Nhà hàng món lẩu",,,,"https://www.google.com/maps/search/?api=1&query=Nh%C3%A0%20H%C3%A0ng%20Thanh%20B%C3%ACnh%20L%E1%BA%A9u%20Cua%20%C4%90%E1%BB%93ng%20G%C3%A0%20Ri&query_place_id=ChIJmR4LOGf9NDER11_bqb1OV5E","Nhà hàng món lẩu"
"Nhà Hàng Đức Dê Tươi","4.8","54","QL21","Hà Nội","Hòa Lạc, Hà Nội","VN",,"+84 813 307 666","Nhà hàng",,,,"https://www.google.com/maps/search/?api=1&query=Nh%C3%A0%20H%C3%A0ng%20%C4%90%E1%BB%A9c%20D%C3%AA%20T%C6%B0%C6%A1i&query_place_id=ChIJHYgROgBbNDERS9-86VBGjq0","Nhà hàng"
"Phở Bò Khai Tâm","5","5","2F95+FX3, TL87","Hà Nội","Yên Bài, Hà Nội","VN",,"+84 979 223 805","Nhà hàng phở",,,,"https://www.google.com/maps/search/?api=1&query=Ph%E1%BB%9F%20B%C3%B2%20Khai%20T%C3%A2m&query_place_id=ChIJ6-YQdgBdNDERTqFRxT9Oqa8","Nhà hàng phở"
"Quán Trâu Tám Hương","4.3","138","XFCW+RMC","Hà Nội","Yên Xuân, Hà Nội","VN",,"+84 973 446 288","Nhà hàng",,,,"https://www.google.com/maps/search/?api=1&query=Qu%C3%A1n%20Tr%C3%A2u%20T%C3%A1m%20H%C6%B0%C6%A1ng&query_place_id=ChIJQSH98H5dNDERImRr5FyLhXo","Nhà hàng"
"Nhà Hàng Hưng Gia","4.7","9","XGMG+Q8Q, QL21","Hà Nội","Yên Xuân, Hà Nội","VN",,"+84 904 900 385","Nhà hàng",,,,"https://www.google.com/maps/search/?api=1&query=Nh%C3%A0%20H%C3%A0ng%20H%C6%B0ng%20Gia&query_place_id=ChIJhY2b85yrNTERmxgNmeJY9S4","Nhà hàng"
"Quán Cơm Tuyết Ngân","5","1","XGPG+H68","Hà Nội","Yên Xuân, Hà Nội","VN",,"+84 986 438 419","Nhà hàng cơm",,,,"https://www.google.com/maps/search/?api=1&query=Qu%C3%A1n%20C%C6%A1m%20Tuy%E1%BA%BFt%20Ng%C3%A2n&query_place_id=ChIJ99oW1hlbNDERNM7H2sg92Js","Nhà hàng cơm"
"Cơm Thu Hằng","4.1","44","XGPG+Q56","Hà Nội","Yên Xuân, Hà Nội","VN",,"+84 368 313 125","Nhà hàng cơm",,,,"https://www.google.com/maps/search/?api=1&query=C%C6%A1m%20Thu%20H%E1%BA%B1ng&query_place_id=ChIJm6pyf5BbNDER-ymTqyq0eag","Nhà hàng cơm"
"Hương Việt Quán Hoà Lạc","4.1","199","276 Cụm 1","Hà Nội","Hòa Lạc, Hà Nội","VN","https://www.facebook.com/huongvietquanhoalac","+84 944 665 588","Nhà hàng",,,,"https://www.google.com/maps/search/?api=1&query=H%C6%B0%C6%A1ng%20Vi%E1%BB%87t%20Qu%C3%A1n%20Ho%C3%A0%20L%E1%BA%A1c&query_place_id=ChIJpYedXFtbNDER2zyVw2UmvdU","Nhà hàng"
"Quang Vinh Quán Cơm","4.2","29","XGMH+H25, Tại khu tái định cư bắc phú cát","Hà Nội","Hòa Lạc, Hà Nội","VN",,"+84 916 091 358","Nhà hàng cơm",,,,"https://www.google.com/maps/search/?api=1&query=Quang%20Vinh%20Qu%C3%A1n%20C%C6%A1m&query_place_id=ChIJw3w69xBbNDERbBabmbiIHn4","Nhà hàng cơm"
"Tuyết Trọng Restaurant","3.4","69","XGMG+7F9, QL21A","Hà Nội","Yên Xuân, Hà Nội","VN",,"+84 971 442 221","Nhà hàng",,,,"https://www.google.com/maps/search/?api=1&query=Tuy%E1%BA%BFt%20Tr%E1%BB%8Dng%20Restaurant&query_place_id=ChIJ45tN5QxbNDERKK0_gbG-CfA","Nhà hàng"
"Lý Loan Quán Ngon","3.8","4","XGMH+P24","Hà Nội","Hòa Lạc, Hà Nội","VN",,"+84 964 548 596","Nhà hàng cơm",,,,"https://www.google.com/maps/search/?api=1&query=L%C3%BD%20Loan%20Qu%C3%A1n%20Ngon&query_place_id=ChIJDXoQQOtbNDERTul3mxwSgt0","Nhà hàng cơm"
"Cây Sung Quán","3.9","17","XGMG+QXX, QL21A","Hà Nội","Hòa Lạc, Hà Nội","VN",,"","Nhà hàng",,,,"https://www.google.com/maps/search/?api=1&query=C%C3%A2y%20Sung%20Qu%C3%A1n&query_place_id=ChIJl7uGQ1-rNTER8ETImCd4G-s","Nhà hàng"
"Nhà Hàng Nam Cường 1","3.8","40",,"Hà Nội","Phú Cát, Hà Nội","VN",,"+84 974 048 256","Nhà hàng",,,,"https://www.google.com/maps/search/?api=1&query=Nh%C3%A0%20H%C3%A0ng%20Nam%20C%C6%B0%E1%BB%9Dng%201&query_place_id=ChIJ2RaSeBJbNDERTrfHd_B985c","Nhà hàng"
"Nhà Hàng Duy Anh","4.1","54","XGWF+66P, QL21","Hà Nội","Hòa Lạc, Hà Nội","VN",,"+84 916 028 834","Nhà hàng",,,,"https://www.google.com/maps/search/?api=1&query=Nh%C3%A0%20H%C3%A0ng%20Duy%20Anh&query_place_id=ChIJ1WGgXBpbNDERy7BekdVbTRo","Nhà hàng"
"Nhà Hàng Lâm Sơn Trang","3.8","78",,"Hà Nội","Yên Xuân, Hà Nội","VN",,"+84 985 243 668","Nhà hàng thịt gà",,,,"https://www.google.com/maps/search/?api=1&query=Nh%C3%A0%20H%C3%A0ng%20L%C3%A2m%20S%C6%A1n%20Trang&query_place_id=ChIJO6NAf3dbNDERTHl3dEBzAmo","Nhà hàng thịt gà"
"TheHill BBQ","4.6","93","Lô 25 Khu tái định","Hà Nội","Phú Cát, Hà Nội","VN","https://www.facebook.com/TheHillBBQ","+84 816 188 588","Nhà hàng món nướng","Nhà hàng tiệc đứng","Nhà hàng món lẩu","Nhà hàng","https://www.google.com/maps/search/?api=1&query=TheHill%20BBQ&query_place_id=ChIJOWdAxlJbNDERP9R6PqI48MU","Nhà hàng món nướng"
"Nhà Hàng Thanh Vũ 79","4.5","1135","Hòa Lạc - Thạch Thất","Hà Nội","Hòa Lạc, Hà Nội","VN","http://laucuadongthanhvu79.com/","+84 963 016 661","Nhà hàng",,,,"https://www.google.com/maps/search/?api=1&query=Nh%C3%A0%20H%C3%A0ng%20Thanh%20V%C5%A9%2079&query_place_id=ChIJpbODHC5bNDERiW0jf14vqtc","Nhà hàng"
"Nhà Hàng Vườn Xanh 1","4.7","20","Cầu Rau","Hà Nội","Phú Cát, Hà Nội","VN",,"+84 967 158 355","Nhà hàng",,,,"https://www.google.com/maps/search/?api=1&query=Nh%C3%A0%20H%C3%A0ng%20V%C6%B0%E1%BB%9Dn%20Xanh%201&query_place_id=ChIJZ29YfRtbNDERRpcp1JaeDoc","Nhà hàng"
"Vườn Bia Panorama","4.9","47","XGMH+J46","Hà Nội","Hòa Lạc, Hà Nội","VN",,"+84 865 403 959","Nhà hàng",,,,"https://www.google.com/maps/search/?api=1&query=V%C6%B0%E1%BB%9Dn%20Bia%20Panorama&query_place_id=ChIJvdvYZwBbNDERg8p_hFpZ-Oo","Nhà hàng"
"Cua Đồng Không Tên","4.1","2525","Km 1 Hồ Chí Minh","Hà Nội","Hòa Lạc, Hà Nội","VN",,"+84 902 016 669","Nhà hàng món lẩu",,,,"https://www.google.com/maps/search/?api=1&query=Cua%20%C4%90%E1%BB%93ng%20Kh%C3%B4ng%20T%C3%AAn&query_place_id=ChIJY2b0gbFbNDERXi74nHKx-pU","Nhà hàng món lẩu"
"Gà Ri Ngọc Đăng","4.5","32","QL21A","Hà Nội","Yên Xuân, Hà Nội","VN",,"+84 372 254 930","Nhà hàng thịt gà",,,,"https://www.google.com/maps/search/?api=1&query=G%C3%A0%20Ri%20Ng%E1%BB%8Dc%20%C4%90%C4%83ng&query_place_id=ChIJzdcuH0ZbNDER7ueyzv-Q1nI","Nhà hàng thịt gà"
"Nhà Hàng Gà Ri Phú Bình 1","3.8","992","QL21A","Hà Nội","Yên Xuân, Hà Nội","VN","http://phubinhhoalac.com.vn/","+84 24 6654 6091","Nhà hàng thịt gà",,,,"https://www.google.com/maps/search/?api=1&query=Nh%C3%A0%20H%C3%A0ng%20G%C3%A0%20Ri%20Ph%C3%BA%20B%C3%ACnh%201&query_place_id=ChIJMRFZHQ1bNDERcI1udLye3Y8","Nhà hàng thịt gà"
"Legacy Phu Cat","3.1","14","Nhà hàng CX1, Khu đô thị Phú Cát, Xã","Hà Nội","Hòa Lạc, Hà Nội","VN",,"+84 934 433 688","Trung tâm cộng đồng","Nhà hàng",,,"https://www.google.com/maps/search/?api=1&query=Legacy%20Phu%20Cat&query_place_id=ChIJWfrbxTBbNDER4Eh2ryso44M","Trung tâm cộng đồng"
"Nhà Hàng Về Bản Em","4.1","30",,"Hà Nội","Hòa Lạc, Hà Nội","VN","https://vebanem.vn/","+84 852 485 333","Nhà hàng",,,,"https://www.google.com/maps/search/?api=1&query=Nh%C3%A0%20H%C3%A0ng%20V%E1%BB%81%20B%E1%BA%A3n%20Em&query_place_id=ChIJWzBz2aJFNDERoRQ4cxRHTe4","Nhà hàng"
"Lẩu Cua Đồng Hoà Lạc 36","4.1","116","XGHH+JHV, QL21A","Hà Nội","Hòa Lạc, Hà Nội","VN",,"+84 966 698 936","Nhà hàng món lẩu",,,,"https://www.google.com/maps/search/?api=1&query=L%E1%BA%A9u%20Cua%20%C4%90%E1%BB%93ng%20Ho%C3%A0%20L%E1%BA%A1c%2036&query_place_id=ChIJv3IixJJbNDERZvijf46LUfs","Nhà hàng món lẩu"
"Cơm Đại Tuyết","4","1","XFXV+J5J, Miễu","Hà Nội","Hòa Lạc, Hà Nội","VN",,"","Nhà hàng cơm",,,,"https://www.google.com/maps/search/?api=1&query=C%C6%A1m%20%C4%90%E1%BA%A1i%20Tuy%E1%BA%BFt&query_place_id=ChIJRxu8ZABdNDERkPYMaJr2b8M","Nhà hàng cơm"
"Cơm Thu Đông",,,"XFXR+QX8","Hà Nội","Hòa Lạc, Hà Nội","VN",,"","Nhà hàng cơm",,,,"https://www.google.com/maps/search/?api=1&query=C%C6%A1m%20Thu%20%C4%90%C3%B4ng&query_place_id=ChIJe1gUKwBdNDERx_4YdbrYxxE","Nhà hàng cơm"
"Quán Cơm Xe Tải 102",,,"XGQ3+PF9, CT03","Hà Nội","Yên Xuân, Hà Nội","VN",,"","Nhà hàng cơm",,,,"https://www.google.com/maps/search/?api=1&query=Qu%C3%A1n%20C%C6%A1m%20Xe%20T%E1%BA%A3i%20102&query_place_id=ChIJJRjxPQBbNDERwaTIuM5aF78","Nhà hàng cơm"
"Bia Hơi Tiến Nhị","3.6","19",,"Hà Nội","Hòa Lạc, Hà Nội","VN",,"+84 947 337 968","Nhà hàng",,,,"https://www.google.com/maps/search/?api=1&query=Bia%20H%C6%A1i%20Ti%E1%BA%BFn%20Nh%E1%BB%8B&query_place_id=ChIJ5UDAv1BbNDERWmOadSE_vGQ","Nhà hàng"
"Nhà Nghỉ Yên Bình 2","3.4","93","2F77+FG4, CT03","Hà Nội","Hòa Lạc, Hà Nội","VN",,"","Nhà hàng","Trạm nghỉ","Khách sạn",,"https://www.google.com/maps/search/?api=1&query=Nh%C3%A0%20Ngh%E1%BB%89%20Y%C3%AAn%20B%C3%ACnh%202&query_place_id=ChIJq-olQU9cNDERPoCUlg3Aa3s","Nhà hàng"
"Bia Chung Pộc","5","1","XFXQ+3WW","Hà Nội","Hòa Lạc, Hà Nội","VN",,"+84 973 935 250","Quán bia",,,,"https://www.google.com/maps/search/?api=1&query=Bia%20Chung%20P%E1%BB%99c&query_place_id=ChIJn-0HUABdNDER0R0ldppMv_M","Quán bia"
"Lam Restaurant","4.2","37","Miễu","Hà Nội","Yên Xuân, Hà Nội","VN",,"+84 975 317 799","Nhà hàng",,,,"https://www.google.com/maps/search/?api=1&query=Lam%20Restaurant&query_place_id=ChIJ21NGT7NdNDERrTDfRry-vLs","Nhà hàng"
"Nhà hàng Sơn Trang C5","4.3","9","XGQ5+P9H, CT03","Hà Nội","Yên Xuân, Hà Nội","VN","https://www.facebook.com/sontrangc5","+84 866 492 833","Nhà hàng",,,,"https://www.google.com/maps/search/?api=1&query=Nh%C3%A0%20h%C3%A0ng%20S%C6%A1n%20Trang%20C5&query_place_id=ChIJt8-AdQBbNDER9GvG2g2p0Ok","Nhà hàng"
"Phở Núi","3.8","286","XFVQ+XMW, Thôn, Miễu","Hà Nội","Hòa Lạc, Hà Nội","VN",,"+84 378 981 062","Nhà hàng phở",,,,"https://www.google.com/maps/search/?api=1&query=Ph%E1%BB%9F%20N%C3%BAi&query_place_id=ChIJsZo9-IdcNDERY0zjQpEdhc0","Nhà hàng phở"
"Quán Bà Thủy Cơm Xe Tải","3.9","156","Qua 200m đối diện đường vào thôn, Trại Mới","Hà Nội","Yên Xuân, Hà Nội","VN",,"+84 982 174 512","Nhà hàng cơm",,,,"https://www.google.com/maps/search/?api=1&query=Qu%C3%A1n%20B%C3%A0%20Th%E1%BB%A7y%20C%C6%A1m%20Xe%20T%E1%BA%A3i&query_place_id=ChIJj13NpapbNDER4-6jOFaKPzA","Nhà hàng cơm"
"Bún Cháo Đức Lương","5","1","XFVQ+X9M Qua 30m Cty CP An Thinh Group","Hà Nội","Yên Xuân, Hà Nội","VN",,"+84 984 325 801","Quán mì",,,,"https://www.google.com/maps/search/?api=1&query=B%C3%BAn%20Ch%C3%A1o%20%C4%90%E1%BB%A9c%20L%C6%B0%C6%A1ng&query_place_id=ChIJla8yVABdNDERHIcZEOmtvm4","Quán mì"
"Cơm Xe Tải Quán Đỏ",,,"XFRX+27Q, Trại Mới","Hà Nội","Yên Xuân, Hà Nội","VN",,"+84 986 539 336","Nhà hàng cơm",,,,"https://www.google.com/maps/search/?api=1&query=C%C6%A1m%20Xe%20T%E1%BA%A3i%20Qu%C3%A1n%20%C4%90%E1%BB%8F&query_place_id=ChIJtW63DQBdNDERpwMFwfPLG14","Nhà hàng cơm"
"Nhà Hàng Mường Nhé","3.5","120",,"Hà Nội","Yên Xuân, Hà Nội","VN",,"+84 904 877 977","Nhà hàng",,,,"https://www.google.com/maps/search/?api=1&query=Nh%C3%A0%20H%C3%A0ng%20M%C6%B0%E1%BB%9Dng%20Nh%C3%A9&query_place_id=ChIJI8k5qGJcNDER1C-7pW0-bgA","Nhà hàng"
"Nhà Hàng Phú Cường","4","12","XFRW+G49","Hà Nội","Yên Xuân, Hà Nội","VN",,"+84 866 946 335","Nhà hàng",,,,"https://www.google.com/maps/search/?api=1&query=Nh%C3%A0%20H%C3%A0ng%20Ph%C3%BA%20C%C6%B0%E1%BB%9Dng&query_place_id=ChIJF6qydgBdNDERCvLMWgCZoPQ","Nhà hàng"
"Hào Vịt Quán",,,"XFWP+HQM, Miễu","Hà Nội","Hòa Lạc, Hà Nội","VN",,"","Nhà hàng",,,,"https://www.google.com/maps/search/?api=1&query=H%C3%A0o%20V%E1%BB%8Bt%20Qu%C3%A1n&query_place_id=ChIJwxLJVwBdNDERn0BJfVHM0eo","Nhà hàng"
"Bún Cá Long Lê","3.7","3","Thôn Gò Mè","Hà Nội","Yên Xuân, Hà Nội","VN",,"","Quán mì",,,,"https://www.google.com/maps/search/?api=1&query=B%C3%BAn%20C%C3%A1%20Long%20L%C3%AA&query_place_id=ChIJF2nsmp1dNDERbnb-EeiwbeU","Quán mì"
"Quán Bia Giang Nam","3.9","9","XFPW+Q7M","Hà Nội","Yên Xuân, Hà Nội","VN",,"","Nhà hàng",,,,"https://www.google.com/maps/search/?api=1&query=Qu%C3%A1n%20Bia%20Giang%20Nam&query_place_id=ChIJq6qqqjb-NDERgRNVEZ0yyoo","Nhà hàng"
"Quán Cơm Danh Ngọc",,,"XFWP+2GC","Hà Nội","Yên Xuân, Hà Nội","VN",,"","Nhà hàng cơm",,,,"https://www.google.com/maps/search/?api=1&query=Qu%C3%A1n%20C%C6%A1m%20Danh%20Ng%E1%BB%8Dc&query_place_id=ChIJnQGsGQBdNDERgr-0whD9Xj4","Nhà hàng cơm"
"Bún Chả Sơn Hiền","3.6","10","Qua 30m Cty CP An Thinh Group - Thôn Gò Mè xã Yên Bình","Hà Nội","Yên Xuân, Hà Nội","VN",,"+84 963 893 392","Quán mì",,,,"https://www.google.com/maps/search/?api=1&query=B%C3%BAn%20Ch%E1%BA%A3%20S%C6%A1n%20Hi%E1%BB%81n&query_place_id=ChIJy_k8yIxdNDERZcapPAY-gZA","Quán mì"
"Quán Cơm Lửa Việt",,,"XFVQ+VHM","Hà Nội","Yên Xuân, Hà Nội","VN",,"","Quán ăn nhỏ",,,,"https://www.google.com/maps/search/?api=1&query=Qu%C3%A1n%20C%C6%A1m%20L%E1%BB%ADa%20Vi%E1%BB%87t&query_place_id=ChIJGY9xDQBdNDERBqb3Vk5Ogw0","Quán ăn nhỏ"
"An Linh Quán","3","2","XGQ3+PVG","Hà Nội","Yên Xuân, Hà Nội","VN",,"+84 984 097 788","Nhà hàng",,,,"https://www.google.com/maps/search/?api=1&query=An%20Linh%20Qu%C3%A1n&query_place_id=ChIJpVTNNgBbNDER5hp0t_lrHYY","Nhà hàng"
"Việt Hường Quán","1","1",,"Hà Nội","Yên Xuân, Hà Nội","VN",,"+84 914 646 028","Nhà hàng",,,,"https://www.google.com/maps/search/?api=1&query=Vi%E1%BB%87t%20H%C6%B0%E1%BB%9Dng%20Qu%C3%A1n&query_place_id=ChIJG0r-dG9dNDERq7OaGW2hnN0","Nhà hàng"
"Vườn Bia Hà Đen",,,"XFVR+M48, Miễu","Hà Nội","Hòa Lạc, Hà Nội","VN",,"","Quán bia sân vườn",,,,"https://www.google.com/maps/search/?api=1&query=V%C6%B0%E1%BB%9Dn%20Bia%20H%C3%A0%20%C4%90en&query_place_id=ChIJ2Zx9cQBdNDER4SS84fcFzvg","Quán bia sân vườn"
"Phượng Hoàng Quán",,,,"Hà Nội","Yên Xuân, Hà Nội","VN",,"","Nhà hàng",,,,"https://www.google.com/maps/search/?api=1&query=Ph%C6%B0%E1%BB%A3ng%20Ho%C3%A0ng%20Qu%C3%A1n&query_place_id=ChIJ17uvnA1bNDERLGa6AQZnTWc","Nhà hàng"
"Quán Lòng Ngon 668",,,,"Hà Nội","Hòa Lạc, Hà Nội","VN",,"+84 942 784 668","Quán ăn nhỏ",,,,"https://www.google.com/maps/search/?api=1&query=Qu%C3%A1n%20L%C3%B2ng%20Ngon%20668&query_place_id=ChIJaawT2DxbNDERsHA4UqB1gcM","Quán ăn nhỏ"
"Giang Sơn Quán",,,"XGQ5+VCW","Hà Nội","Hòa Lạc, Hà Nội","VN",,"","Quán ăn nhỏ",,,,"https://www.google.com/maps/search/?api=1&query=Giang%20S%C6%A1n%20Qu%C3%A1n&query_place_id=ChIJryh9fgBbNDER8TIcL04n5VM","Quán ăn nhỏ"
"Kháng Hưng Quán",,,"XFRX+27Q, Trại Mới","Hà Nội","Yên Xuân, Hà Nội","VN",,"","Quán ăn nhỏ",,,,"https://www.google.com/maps/search/?api=1&query=Kh%C3%A1ng%20H%C6%B0ng%20Qu%C3%A1n&query_place_id=ChIJH6_WJwBdNDERgzHcGNfFBQw","Quán ăn nhỏ"
"Bay Homestay","4.1","30","XFJQ+MV4, Trại Mới","Hà Nội","Yên Xuân, Hà Nội","VN",,"+84 866 889 199","Căn hộ nghỉ dưỡng cho thuê",,,,"https://www.google.com/maps/search/?api=1&query=Bay%20Homestay&query_place_id=ChIJPYQEjXRdNDERvXhVLxZg0Dc","Căn hộ nghỉ dưỡng cho thuê"
"Nhà Hàng Mạnh Hưng","5","1","XGQP+PRC","Hà Nội","Hòa Lạc, Hà Nội","VN",,"+84 398 813 145","Quán ăn nhỏ",,,,"https://www.google.com/maps/search/?api=1&query=Nh%C3%A0%20H%C3%A0ng%20M%E1%BA%A1nh%20H%C6%B0ng&query_place_id=ChIJ46rUaQBbNDERBusOU91ToRU","Quán ăn nhỏ"
"Cơm Xe Tải Hồng Hải","4.7","7","XGQR+V2G","Hà Nội","Hòa Lạc, Hà Nội","VN","https://www.facebook.com/share/6cLYftndAFGn5QxG/?mibextid=LQQJ4d","+84 977 815 171","Nhà hàng cơm",,,,"https://www.google.com/maps/search/?api=1&query=C%C6%A1m%20Xe%20T%E1%BA%A3i%20H%E1%BB%93ng%20H%E1%BA%A3i&query_place_id=ChIJSR94RQBbNDERv8vxNfPuG84","Nhà hàng cơm"
"Nguyên Đăng Quán","4.2","13","XGPP+XHH","Hà Nội","Hòa Lạc, Hà Nội","VN",,"+84 973 476 322","Nhà hàng",,,,"https://www.google.com/maps/search/?api=1&query=Nguy%C3%AAn%20%C4%90%C4%83ng%20Qu%C3%A1n&query_place_id=ChIJMbTuErpUNDERn_YpZunfXeQ","Nhà hàng"
"Quán Cây Sung","4.3","7",,"Hà Nội","Hòa Lạc, Hà Nội","VN",,"+84 976 585 726","Quán bia",,,,"https://www.google.com/maps/search/?api=1&query=Qu%C3%A1n%20C%C3%A2y%20Sung&query_place_id=ChIJu5AavnFbNDER7JhoS9GO-oo","Quán bia"
"Phở Ngân Ninh","4.7","14","XGMG+CG4","Hà Nội","Yên Xuân, Hà Nội","VN",,"+84 962 365 366","Nhà hàng phở",,,,"https://www.google.com/maps/search/?api=1&query=Ph%E1%BB%9F%20Ng%C3%A2n%20Ninh&query_place_id=ChIJ_Rg9uHdbNDERKPqMMYK01UE","Nhà hàng phở"
"Nhà Hàng Phú Vinh","4.3","27","XGPJ+7VM","Hà Nội","Hòa Lạc, Hà Nội","VN",,"+84 369 843 198","Nhà hàng",,,,"https://www.google.com/maps/search/?api=1&query=Nh%C3%A0%20H%C3%A0ng%20Ph%C3%BA%20Vinh&query_place_id=ChIJS5m0LwlbNDERZ02OmeaOUn8","Nhà hàng"
"Patê Yến - Thịt nướng, bánh mì pate","5","2","XGPJ+JWH","Hà Nội","Hòa Lạc, Hà Nội","VN",,"","Cửa hàng sandwich",,,,"https://www.google.com/maps/search/?api=1&query=Pat%C3%AA%20Y%E1%BA%BFn%20-%20Th%E1%BB%8Bt%20n%C6%B0%E1%BB%9Bng%2C%20b%C3%A1nh%20m%C3%AC%20pate&query_place_id=ChIJrYhebQBbNDERXvV3f8mYcy8","Cửa hàng sandwich"
"Vịt Quay Văn Việt","4.5","2","Đường đôi tđc bắc phú cát","Hà Nội","Hòa Lạc, Hà Nội","VN",,"+84 946 780 712","Gian hàng rong",,,,"https://www.google.com/maps/search/?api=1&query=V%E1%BB%8Bt%20Quay%20V%C4%83n%20Vi%E1%BB%87t&query_place_id=ChIJlacZVOJbNDERmK2W13fIRjs","Gian hàng rong"
"Nga Toản","3.7","29","XGPJ+QG8","Hà Nội","Hòa Lạc, Hà Nội","VN",,"+84 378 387 368","Nhà hàng phở",,,,"https://www.google.com/maps/search/?api=1&query=Nga%20To%E1%BA%A3n&query_place_id=ChIJJxydaJ9bNDERcuQU3mlteLo","Nhà hàng phở"
"Cơm Thanh","4","1","XGXM+4CJ","Hà Nội","Hòa Lạc, Hà Nội","VN",,"","Quán ăn nhỏ",,,,"https://www.google.com/maps/search/?api=1&query=C%C6%A1m%20Thanh&query_place_id=ChIJ94ZbYgBbNDERmECARjOnCYw","Quán ăn nhỏ"
"Quán Tuấn Ốc",,,"Cầu vượt Phú Cát","Hà Nội","Hòa Lạc, Hà Nội","VN",,"+84 988 265 849","Quán ăn nhỏ",,,,"https://www.google.com/maps/search/?api=1&query=Qu%C3%A1n%20Tu%E1%BA%A5n%20%E1%BB%90c&query_place_id=ChIJWTD06J9bNDERyyzkaT4M9EU","Quán ăn nhỏ"
"Duy Nhất Phở bò Bún Bò Huế",,,"Chân, Cầu vượt Phú Cát CT03","Hà Nội","Hòa Lạc, Hà Nội","VN",,"+84 961 494 688","Nhà hàng ăn nhanh","Điểm phát chẩn đồ ăn",,,"https://www.google.com/maps/search/?api=1&query=Duy%20Nh%E1%BA%A5t%20Ph%E1%BB%9F%20b%C3%B2%20B%C3%BAn%20B%C3%B2%20Hu%E1%BA%BF&query_place_id=ChIJ78XebABbNDERvVHK97cYnEY","Nhà hàng ăn nhanh"
"T-One Quán","3.4","7","XGQP+58G, Cầu vượt công nghệ cao","Hà Nội","Hòa Lạc, Hà Nội","VN",,"+84 904 684 777","Quán bia",,,,"https://www.google.com/maps/search/?api=1&query=T-One%20Qu%C3%A1n&query_place_id=ChIJsyin1QdbNDERYKcawkOozy0","Quán bia"
"Lẩu Nam Khánh","4.8","4","QL21","Hà Nội","Hòa Lạc, Hà Nội","VN",,"+84 972 813 195","Quán ăn nhỏ",,,,"https://www.google.com/maps/search/?api=1&query=L%E1%BA%A9u%20Nam%20Kh%C3%A1nh&query_place_id=ChIJH-VfP4xbNDERi5rrZkiN-wc","Quán ăn nhỏ"
"Nhà Hàng Vua Cá","4","13","2G89+XVW, QL21A","Hà Nội","Hòa Lạc, Hà Nội","VN",,"+84 964 135 555","Nhà hàng món cá",,,,"https://www.google.com/maps/search/?api=1&query=Nh%C3%A0%20H%C3%A0ng%20Vua%20C%C3%A1&query_place_id=ChIJhZVOZT5bNDERjdqhNWPYdSQ","Nhà hàng món cá"
"Bún Bò Huế Ngô Thúy","4.4","113","4 Đ. Hòa Lạc","Hà Nội","Hạ Bằng, Hà Nội","VN",,"+84 978 339 559","Quán mì",,,,"https://www.google.com/maps/search/?api=1&query=B%C3%BAn%20B%C3%B2%20Hu%E1%BA%BF%20Ng%C3%B4%20Th%C3%BAy&query_place_id=ChIJSRUyoPBbNDERZ0cyVVHmDsE","Quán mì"
"Buffet xiên","5","1","2G89+FMC","Hà Nội","Hòa Lạc, Hà Nội","VN",,"","Nhà hàng ăn nhanh",,,,"https://www.google.com/maps/search/?api=1&query=Buffet%20xi%C3%AAn&query_place_id=ChIJdapUcwBbNDERz2l7T4lai4w","Nhà hàng ăn nhanh"
"Quán Ốc Đê - Hoà Lạc","5","1","278 QL21","Hà Nội","Hòa Lạc, Hà Nội","VN","https://www.facebook.com/share/1BbjH6KMd5/?mibextid=wwXIfr","+84 387 284 343","Cửa hàng tạp phẩm","Quán ăn nhẹ",,,"https://www.google.com/maps/search/?api=1&query=Qu%C3%A1n%20%E1%BB%90c%20%C4%90%C3%AA%20-%20Ho%C3%A0%20L%E1%BA%A1c&query_place_id=ChIJ0XiOOQBbNDERr4myLpepZq8","Cửa hàng tạp phẩm"
"Ẩm Thực Thái Linh Gà Cá","4","55","Số 189 QL21A","Hà Nội","Hòa Lạc, Hà Nội","VN","https://amthucthailinh.com/","+84 913 862 212","Nhà hàng","Quán bia sân vườn","Nhà hàng món lẩu",,"https://www.google.com/maps/search/?api=1&query=%E1%BA%A8m%20Th%E1%BB%B1c%20Th%C3%A1i%20Linh%20G%C3%A0%20C%C3%A1&query_place_id=ChIJteoiDOlbNDERuPJg6VauBKw","Nhà hàng"
"Phở Hà Thành Phố Cổ","5","4","2GG9+JMH","Hà Nội","Hòa Lạc, Hà Nội","VN",,"","Nhà hàng phở",,,,"https://www.google.com/maps/search/?api=1&query=Ph%E1%BB%9F%20H%C3%A0%20Th%C3%A0nh%20Ph%E1%BB%91%20C%E1%BB%95&query_place_id=ChIJ3Q082yNbNDERFLq40PAWrt4","Nhà hàng phở"
"Nhà Hàng 379 Minh Nga 1","3.8","558","QL21","Hà Nội","Hòa Lạc, Hà Nội","VN",,"+84 984 421 379","Nhà hàng Việt Nam",,,,"https://www.google.com/maps/search/?api=1&query=Nh%C3%A0%20H%C3%A0ng%20379%20Minh%20Nga%201&query_place_id=ChIJ199ww-tbNDERrDQxEa4TSaY","Nhà hàng Việt Nam"
"Nhà hàng Song Phúc","4.8","4","2GFF+JR5","Hà Nội","Hòa Lạc, Hà Nội","VN",,"","Nhà hàng gia đình",,,,"https://www.google.com/maps/search/?api=1&query=Nh%C3%A0%20h%C3%A0ng%20Song%20Ph%C3%BAc&query_place_id=ChIJETobhdpbNDER75mzV03arao","Nhà hàng gia đình"
"Dê Ngon Nguyễn Gia","4.5","6","2GFC+G2H, QL21A","Hà Nội","Hòa Lạc, Hà Nội","VN",,"","Nhà hàng",,,,"https://www.google.com/maps/search/?api=1&query=D%C3%AA%20Ngon%20Nguy%E1%BB%85n%20Gia&query_place_id=ChIJ4wYOKABbNDERgY5raGgM_EE","Nhà hàng"
"Nhà hàng Thuỷ Tiên","4","1","125 Đ. Hòa Lạc","Hà Nội","Hạ Bằng, Hà Nội","VN",,"+84 977 261 393","Nhà hàng gia đình",,,,"https://www.google.com/maps/search/?api=1&query=Nh%C3%A0%20h%C3%A0ng%20Thu%E1%BB%B7%20Ti%C3%AAn&query_place_id=ChIJgRvYGwBbNDERzWED95EdIMM","Nhà hàng gia đình"
"1988 BBQ","4","127","Số 342","Hà Nội","Hòa Lạc, Hà Nội","VN",,"+84 329 656 565","Nhà hàng",,,,"https://www.google.com/maps/search/?api=1&query=1988%20BBQ&query_place_id=ChIJKZYG_kBbNDERapsG7905qKg","Nhà hàng"
"Bún Đậu Phố Xưa","5","7","Đường 21","Hà Nội","Hòa Lạc, Hà Nội","VN",,"+84 888 912 686","Nhà hàng",,,,"https://www.google.com/maps/search/?api=1&query=B%C3%BAn%20%C4%90%E1%BA%ADu%20Ph%E1%BB%91%20X%C6%B0a&query_place_id=ChIJR2eZVyNbNDERRvr8CMD_LWQ","Nhà hàng"
"Bún Bảy Cường","4.7","11","2GH9+P25, QL21A","Hà Nội","Hòa Lạc, Hà Nội","VN",,"","Nhà hàng chuyên phục vụ bữa sáng",,,,"https://www.google.com/maps/search/?api=1&query=B%C3%BAn%20B%E1%BA%A3y%20C%C6%B0%E1%BB%9Dng&query_place_id=ChIJ7UDKZABbNDERAkwqWIIAz0k","Nhà hàng chuyên phục vụ bữa sáng"
"Bún Chả Năm Hoài","4.3","72","Số 221 thôn 4","Hà Nội","Hòa Lạc, Hà Nội","VN",,"+84 969 828 386","Quán mì",,,,"https://www.google.com/maps/search/?api=1&query=B%C3%BAn%20Ch%E1%BA%A3%20N%C4%83m%20Ho%C3%A0i&query_place_id=ChIJ5xkVxPFbNDERSXhXMftf7PY","Quán mì"
"Nhà Hàng Trâu Tươi 2HS","3.9","23","QL21A","Hà Nội","Hòa Lạc, Hà Nội","VN",,"+84 912 365 255","Nhà hàng",,,,"https://www.google.com/maps/search/?api=1&query=Nh%C3%A0%20H%C3%A0ng%20Tr%C3%A2u%20T%C6%B0%C6%A1i%202HS&query_place_id=ChIJK2AAP5dbNDERsQ-PtvW4jpY","Nhà hàng"
"Ốc Bốn Mùa","4.4","7","432","Hà Nội","Hòa Lạc, Hà Nội","VN",,"+84 332 406 789","Quán ăn nhỏ",,,,"https://www.google.com/maps/search/?api=1&query=%E1%BB%90c%20B%E1%BB%91n%20M%C3%B9a&query_place_id=ChIJy76QWABbNDERhx5LkzNXfqM","Quán ăn nhỏ"
"Bia Hơi Vỹ Béo","4.7","3","2GH9+97C","Hà Nội","Hạ Bằng, Hà Nội","VN",,"+84 349 590 407","Nhà hàng","Quán bia sân vườn",,,"https://www.google.com/maps/search/?api=1&query=Bia%20H%C6%A1i%20V%E1%BB%B9%20B%C3%A9o&query_place_id=ChIJk1qMIABbNDERTtajM7X0CX8","Nhà hàng"
"Phở Bò Cơm Rang Meo Meo 975","4.3","17","Số 296, QL21A","Hà Nội","Hòa Lạc, Hà Nội","VN",,"+84 981 890 636","Nhà hàng phở","Quán mì",,,"https://www.google.com/maps/search/?api=1&query=Ph%E1%BB%9F%20B%C3%B2%20C%C6%A1m%20Rang%20Meo%20Meo%20975&query_place_id=ChIJXyi3PfVbNDERsSslPx1ozGI","Nhà hàng phở"
"Nhà",,,"2GF7+X2","Hà Nội","Hòa Lạc, Hà Nội","VN",,"","Nhà hàng",,,,"https://www.google.com/maps/search/?api=1&query=Nh%C3%A0&query_place_id=ChIJX1bdEQBbNDERrlrPGcpPFF4","Nhà hàng"
"Nhà Hàng Bia Thu Hà","5","4","ĐT420","Hà Nội","Hạ Bằng, Hà Nội","VN",,"+84 968 708 851","Quán bia",,,,"https://www.google.com/maps/search/?api=1&query=Nh%C3%A0%20H%C3%A0ng%20Bia%20Thu%20H%C3%A0&query_place_id=ChIJ1ZtGeQBbNDERnFZI7s3SQ94","Quán bia"
"Phở Cồ Nam Định","4.8","4","2GPW+28P","Hà Nội","Hạ Bằng, Hà Nội","VN",,"","Nhà hàng phở",,,,"https://www.google.com/maps/search/?api=1&query=Ph%E1%BB%9F%20C%E1%BB%93%20Nam%20%C4%90%E1%BB%8Bnh&query_place_id=ChIJY2pEPwBbNDER4xiTjHwKoBk","Nhà hàng phở"
"Bia Chó Xuân Dưỡng","5","1","2GHW+GF5","Hà Nội","Hạ Bằng, Hà Nội","VN",,"+84 962 533 222","Nhà hàng gia đình",,,,"https://www.google.com/maps/search/?api=1&query=Bia%20Ch%C3%B3%20Xu%C3%A2n%20D%C6%B0%E1%BB%A1ng&query_place_id=ChIJ_XO2KABbNDERd9JXHRZW7Mo","Nhà hàng gia đình"
"Bình Yên Quán",,,"Thôn Vân Lôi","Hà Nội","Hòa Lạc, Hà Nội","VN",,"","Nhà hàng",,,,"https://www.google.com/maps/search/?api=1&query=B%C3%ACnh%20Y%C3%AAn%20Qu%C3%A1n&query_place_id=ChIJw8bZJgBbNDERbXwiqBJg3Lg","Nhà hàng"
"Bia Hơi Chị Tép Quán",,,"Thôn Vân Lôi","Hà Nội","Hòa Lạc, Hà Nội","VN",,"","Nhà hàng gia đình",,,,"https://www.google.com/maps/search/?api=1&query=Bia%20H%C6%A1i%20Ch%E1%BB%8B%20T%C3%A9p%20Qu%C3%A1n&query_place_id=ChIJf76lDABbNDERCHVCmRei20I","Nhà hàng gia đình"
"Hola Cafe","5","2","2GJP+MQX, 26, Tỉnh Lộ 84, Xã Kim Quan","Hà Nội","Hòa Lạc, Hà Nội","VN",,"","Quán cà phê",,,,"https://www.google.com/maps/search/?api=1&query=Hola%20Cafe&query_place_id=ChIJUTlJTgBbNDERJoepwXKoWII","Quán cà phê"
"Cafe New Star","5","1","Thôn Bình Yên, Xã","Hà Nội","Hạ Bằng, Hà Nội","VN",,"+84 972 575 128","Quán cà phê",,,,"https://www.google.com/maps/search/?api=1&query=Cafe%20New%20Star&query_place_id=ChIJ_5OMsX9ZNDERgRZE190wNrs","Quán cà phê"
"Cơm Chị Tép",,,"Ngã 3 Thôn Vân Lôi","Hà Nội","Hạ Bằng, Hà Nội","VN",,"","Nhà hàng cơm",,,,"https://www.google.com/maps/search/?api=1&query=C%C6%A1m%20Ch%E1%BB%8B%20T%C3%A9p&query_place_id=ChIJ-cKhNABbNDERmEzYlp3eo4I","Nhà hàng cơm"
"Quán ăn vặt 247","4.7","3","2G7F+VQ5","Hà Nội","Hòa Lạc, Hà Nội","VN",,"","Cửa hàng ăn nhanh",,,,"https://www.google.com/maps/search/?api=1&query=Qu%C3%A1n%20%C4%83n%20v%E1%BA%B7t%20247&query_place_id=ChIJcYfwJQBbNDERwQ2xC1GB08o","Cửa hàng ăn nhanh"
"Nhà Hàng Lẩu Trâu Sơn Hải","3.9","12","360, Thôn 4","Hà Nội","Hòa Lạc, Hà Nội","VN","https://www.facebook.com/thittrauSonHai","+84 948 344 388","Nhà hàng",,,,"https://www.google.com/maps/search/?api=1&query=Nh%C3%A0%20H%C3%A0ng%20L%E1%BA%A9u%20Tr%C3%A2u%20S%C6%A1n%20H%E1%BA%A3i&query_place_id=ChIJtz0AOxdbNDERtL9zzfMEF28","Nhà hàng"
"Bánh Cuốn Thanh Đức","4.1","20","2GGC+622, QL21A","Hà Nội","Hòa Lạc, Hà Nội","VN",,"+84 344 384 683","Quán mì",,,,"https://www.google.com/maps/search/?api=1&query=B%C3%A1nh%20Cu%E1%BB%91n%20Thanh%20%C4%90%E1%BB%A9c&query_place_id=ChIJ_1gtuJJbNDERjpgld2bv5T0","Quán mì"
"Bún chả 194","3.4","5","2GCC+W47","Hà Nội","Hòa Lạc, Hà Nội","VN",,"","Quán ăn nhẹ",,,,"https://www.google.com/maps/search/?api=1&query=B%C3%BAn%20ch%E1%BA%A3%20194&query_place_id=ChIJQVLiUcxbNDERbUNFKRSA3FY","Quán ăn nhẹ"
"Quán Cháo Lòng Tiết Canh 371","4.7","6","QL21A/số nhà 304 thôn 4","Hà Nội","Hòa Lạc, Hà Nội","VN",,"+84 978 384 305","Quán ăn nhỏ",,,,"https://www.google.com/maps/search/?api=1&query=Qu%C3%A1n%20Ch%C3%A1o%20L%C3%B2ng%20Ti%E1%BA%BFt%20Canh%20371&query_place_id=ChIJ3yDx2UlbNDERRDl1iwb-mBE","Quán ăn nhỏ"
"Quán bia hơi Đông Mạnh","1","1","31 ĐT420","Hà Nội","Hòa Lạc, Hà Nội","VN",,"+84 972 246 269","Quán bia",,,,"https://www.google.com/maps/search/?api=1&query=Qu%C3%A1n%20bia%20h%C6%A1i%20%C4%90%C3%B4ng%20M%E1%BA%A1nh&query_place_id=ChIJgSZdTwBbNDERC9vYgwsp0Jc","Quán bia"
"Bún Đậu Mắm Tôm - Thương Béo","4","8","989 QL21A","Hà Nội","Hòa Lạc, Hà Nội","VN",,"+84 964 377 868","Nhà hàng gia đình",,,,"https://www.google.com/maps/search/?api=1&query=B%C3%BAn%20%C4%90%E1%BA%ADu%20M%E1%BA%AFm%20T%C3%B4m%20-%20Th%C6%B0%C6%A1ng%20B%C3%A9o&query_place_id=ChIJEwR-SwBbNDERZLB5hKSDJLk","Nhà hàng gia đình"
"Bún Phở Tuyết Minh",,,"Số 1 Ngã ba","Hà Nội","Hòa Lạc, Hà Nội","VN",,"","Quán mì",,,,"https://www.google.com/maps/search/?api=1&query=B%C3%BAn%20Ph%E1%BB%9F%20Tuy%E1%BA%BFt%20Minh&query_place_id=ChIJbT6oVgBbNDERn6Mwhf-ft8k","Quán mì"
"Bún Bò Huế Tú Anh","3.3","7","2GGF+43C","Hà Nội","Hòa Lạc, Hà Nội","VN",,"","Quán mì",,,,"https://www.google.com/maps/search/?api=1&query=B%C3%BAn%20B%C3%B2%20Hu%E1%BA%BF%20T%C3%BA%20Anh&query_place_id=ChIJAYJuCQBbNDERQZ5DnJk7q8E","Quán mì"
"Cơm Huệ",,,"2G9C+QFJ","Hà Nội","Hòa Lạc, Hà Nội","VN",,"","Nhà hàng cơm",,,,"https://www.google.com/maps/search/?api=1&query=C%C6%A1m%20Hu%E1%BB%87&query_place_id=ChIJDTsHfj5bNDERcJ_TNQ-XW6M","Nhà hàng cơm"
"Nhà May Minh Tư",,,,"Hà Nội","Hạ Bằng, Hà Nội","VN",,"","Nhà hàng",,,,"https://www.google.com/maps/search/?api=1&query=Nh%C3%A0%20May%20Minh%20T%C6%B0&query_place_id=ChIJHcePGuZbNDERN6LcxqNBgkU","Nhà hàng"
"Buffet Lẩu Nướng Thị Mỡ",,,"2G89+MQ3","Hà Nội","Hòa Lạc, Hà Nội","VN",,"+84 914 181 223","Nhà hàng món nướng",,,,"https://www.google.com/maps/search/?api=1&query=Buffet%20L%E1%BA%A9u%20N%C6%B0%E1%BB%9Bng%20Th%E1%BB%8B%20M%E1%BB%A1&query_place_id=ChIJkxthnGRbNDERSBzzD2N1-aA","Nhà hàng món nướng"
"Cháo Dinh Dưỡng Chung Phú","3.7","3","2GG9+8WQ, QL21","Hà Nội","Hòa Lạc, Hà Nội","VN",,"+84 329 885 055","Nhà hàng cháo",,,,"https://www.google.com/maps/search/?api=1&query=Ch%C3%A1o%20Dinh%20D%C6%B0%E1%BB%A1ng%20Chung%20Ph%C3%BA&query_place_id=ChIJLxWwxsdbNDER-mfzuENgsww","Nhà hàng cháo"
"Bánh mỳ trà sữa bobo382","1.5","2","356 thôn 4","Hà Nội","Hòa Lạc, Hà Nội","VN",,"+84 868 216 382","Nhà hàng",,,,"https://www.google.com/maps/search/?api=1&query=B%C3%A1nh%20m%E1%BB%B3%20tr%C3%A0%20s%E1%BB%AFa%20bobo382&query_place_id=ChIJA5IhSh1bNDERgAYykq3i_40","Nhà hàng"
"Phở cồ Việt Hùng","1.3","3","2GH9+97C","Hà Nội","Hạ Bằng, Hà Nội","VN",,"","Nhà hàng phở",,,,"https://www.google.com/maps/search/?api=1&query=Ph%E1%BB%9F%20c%E1%BB%93%20Vi%E1%BB%87t%20H%C3%B9ng&query_place_id=ChIJfzfIEgBbNDERp4_HCde6S-Y","Nhà hàng phở"
"Quán Xưa Phổ",,,,"Hà Nội","Hòa Lạc, Hà Nội","VN",,"","Nhà hàng",,,,"https://www.google.com/maps/search/?api=1&query=Qu%C3%A1n%20X%C6%B0a%20Ph%E1%BB%95&query_place_id=ChIJ6eKxtJRbNDERiul5sVsS23E","Nhà hàng"
"Tiger Tea 1998",,,"402 thôn 4","Hà Nội","Hòa Lạc, Hà Nội","VN",,"","Nhà hàng ăn nhanh",,,,"https://www.google.com/maps/search/?api=1&query=Tiger%20Tea%201998&query_place_id=ChIJvyQAYwBbNDERgKmvDPLeBTI","Nhà hàng ăn nhanh"
"Thanh Mộc Quán",,,,"Hà Nội","Hòa Lạc, Hà Nội","VN",,"","Nhà hàng",,,,"https://www.google.com/maps/search/?api=1&query=Thanh%20M%E1%BB%99c%20Qu%C3%A1n&query_place_id=ChIJTaN9A-lbNDERET9DsBluG1w","Nhà hàng"
"Quán Vân Ốc",,,,"Hà Nội","Hòa Lạc, Hà Nội","VN",,"","Nhà hàng",,,,"https://www.google.com/maps/search/?api=1&query=Qu%C3%A1n%20V%C3%A2n%20%E1%BB%90c&query_place_id=ChIJxzH2HOlbNDERbDbGOfFpTcg","Nhà hàng"
"Phở Bò Hữu Nghĩa","4.1","38","2F77+9Q5","Hà Nội","Hòa Lạc, Hà Nội","VN",,"","Nhà hàng phở",,,,"https://www.google.com/maps/search/?api=1&query=Ph%E1%BB%9F%20B%C3%B2%20H%E1%BB%AFu%20Ngh%C4%A9a&query_place_id=ChIJ21WpJh9dNDERn44jE132eQw","Nhà hàng phở"
"Quán Lẩu Bình Dân","5","2","2F69+885","Hà Nội","Hòa Lạc, Hà Nội","VN",,"","Nhà hàng món lẩu",,,,"https://www.google.com/maps/search/?api=1&query=Qu%C3%A1n%20L%E1%BA%A9u%20B%C3%ACnh%20D%C3%A2n&query_place_id=ChIJ2fMJCwBdNDERQ7xZ5sVyoak","Nhà hàng món lẩu"
"Anh Lộc Quán","5","3","2F77+67J","Hà Nội","Hòa Lạc, Hà Nội","VN",,"","Quán ăn nhỏ",,,,"https://www.google.com/maps/search/?api=1&query=Anh%20L%E1%BB%99c%20Qu%C3%A1n&query_place_id=ChIJkQTiQABdNDER2qHEo21PTKA","Quán ăn nhỏ"
"Quỳnh Như Quán","5","2","238 Tân Bình","Hà Nội","Yên Xuân, Hà Nội","VN",,"+84 869 453 598","Quán ăn nhỏ",,,,"https://www.google.com/maps/search/?api=1&query=Qu%E1%BB%B3nh%20Nh%C6%B0%20Qu%C3%A1n&query_place_id=ChIJp0KtbgBdNDER9vksLRqf29E","Quán ăn nhỏ"
"Yên Quý Quán","4.7","9","2F47+8JF","Hà Nội","Yên Xuân, Hà Nội","VN",,"","Quán ăn nhỏ",,,,"https://www.google.com/maps/search/?api=1&query=Y%C3%AAn%20Qu%C3%BD%20Qu%C3%A1n&query_place_id=ChIJk59SU8BUNDERh0chqvVq-os","Quán ăn nhỏ"
"Phở Bò Thủy Toàn","3.4","67",,"Hà Nội","Yên Bài, Hà Nội","VN",,"","Nhà hàng phở",,,,"https://www.google.com/maps/search/?api=1&query=Ph%C6%A1%CC%89%20Bo%CC%80%20Thu%CC%89y%20Toa%CC%80n&query_place_id=ChIJAeuDI0lcNDERDEeeakqgo_M","Nhà hàng phở"
"Nhà Hàng Mít","4.1","133","2F3H+3R3","Hà Nội","Yên Xuân, Hà Nội","VN",,"+84 966 824 761","Nhà hàng",,,,"https://www.google.com/maps/search/?api=1&query=Nh%C3%A0%20H%C3%A0ng%20M%C3%ADt&query_place_id=ChIJ1_fw2f1dNDERZbnL2Tv-g-U","Nhà hàng"
"Nhà Hàng 16","3.5","8","2F87+45W","Hà Nội","Yên Bài, Hà Nội","VN",,"+84 865 979 521","Quán ăn nhỏ",,,,"https://www.google.com/maps/search/?api=1&query=Nh%C3%A0%20H%C3%A0ng%2016&query_place_id=ChIJX-cLN95dNDER6MK6TDqdTQc","Quán ăn nhỏ"
"Nhà Hàng Quốc Gia","4.8","6",,"Hà Nội","Hòa Lạc, Hà Nội","VN",,"+84 973 696 159","Nhà hàng",,,,"https://www.google.com/maps/search/?api=1&query=Nh%C3%A0%20H%C3%A0ng%20Qu%E1%BB%91c%20Gia&query_place_id=ChIJQZIBZABbNDERR0fOq_RA1xQ","Nhà hàng"
